"TO LAMBERT AIRPORT TERMINAL #1","CIVIC CENTER METROLINK STATION",CC0033,2,17,04:28:00,04:28:00,2
"TO SHREWSBURY LANSDOWNE I-44","CIVIC CENTER METROLINK STATION",333399,2,17,04:40:00,04:40:00,2
"TO LAMBERT AIRPORT TERMINAL #1","CIVIC CENTER METROLINK STATION",CC0033,2,17,04:52:00,04:52:00,2
"TO SHREWSBURY LANSDOWNE I-44","CIVIC CENTER METROLINK STATION",333399,2,17,05:06:00,05:06:00,2
"TO LAMBERT AIRPORT TERMINAL #1","CIVIC CENTER METROLINK STATION",CC0033,2,17,05:12:00,05:12:00,2
"TO SHREWSBURY LANSDOWNE I-44","CIVIC CENTER METROLINK STATION",333399,2,17,05:25:00,05:25:00,2
"TO LAMBERT AIRPORT TERMINAL #1","CIVIC CENTER METROLINK STATION",CC0033,2,17,05:30:00,05:30:00,2
"TO LAMBERT AIRPORT TERMINAL #1","CIVIC CENTER METROLINK STATION",CC0033,2,17,05:35:00,05:35:00,2
"TO SHILOH SCOTT","CIVIC CENTER METROLINK STATION",CC0033,2,23,05:37:00,05:37:00,2
"TO SHREWSBURY LANSDOWNE I-44","CIVIC CENTER METROLINK STATION",333399,2,17,05:40:00,05:40:00,2
"TO SHREWSBURY LANSDOWNE I-44","CIVIC CENTER METROLINK STATION",333399,2,17,05:45:00,05:45:00,2
"TO FAIRVIEW HEIGHTS","CIVIC CENTER METROLINK STATION",333399,2,23,05:47:00,05:47:00,2
"TO LAMBERT AIRPORT TERMINAL #1","CIVIC CENTER METROLINK STATION",CC0033,2,17,05:55:00,05:55:00,2
"TO SHILOH SCOTT","CIVIC CENTER METROLINK STATION",CC0033,2,23,05:57:00,05:57:00,2
"TO SHREWSBURY LANSDOWNE I-44","CIVIC CENTER METROLINK STATION",333399,2,17,06:05:00,06:05:00,2
"TO FAIRVIEW HEIGHTS","CIVIC CENTER METROLINK STATION",333399,2,23,06:07:00,06:07:00,2
"TO LAMBERT AIRPORT TERMINAL #1","CIVIC CENTER METROLINK STATION",CC0033,2,17,06:15:00,06:15:00,2
"TO SHILOH SCOTT","CIVIC CENTER METROLINK STATION",CC0033,2,23,06:17:00,06:17:00,2
"TO SHREWSBURY LANSDOWNE I-44","CIVIC CENTER METROLINK STATION",333399,2,17,06:25:00,06:25:00,2
"TO FAIRVIEW HEIGHTS","CIVIC CENTER METROLINK STATION",333399,2,23,06:27:00,06:27:00,2
"TO LAMBERT AIRPORT TERMINAL #1","CIVIC CENTER METROLINK STATION",CC0033,2,17,06:35:00,06:35:00,2
"TO SHILOH SCOTT","CIVIC CENTER METROLINK STATION",CC0033,2,23,06:37:00,06:37:00,2
"TO SHREWSBURY LANSDOWNE I-44","CIVIC CENTER METROLINK STATION",333399,2,17,06:45:00,06:45:00,2
"TO FAIRVIEW HEIGHTS","CIVIC CENTER METROLINK STATION",333399,2,23,06:47:00,06:47:00,2
"TO LAMBERT AIRPORT TERMINAL #1","CIVIC CENTER METROLINK STATION",CC0033,2,17,06:55:00,06:55:00,2
"TO SHILOH SCOTT","CIVIC CENTER METROLINK STATION",CC0033,2,23,06:57:00,06:57:00,2
"TO SHREWSBURY LANSDOWNE I-44","CIVIC CENTER METROLINK STATION",333399,2,17,07:05:00,07:05:00,2
"TO FAIRVIEW HEIGHTS","CIVIC CENTER METROLINK STATION",333399,2,23,07:07:00,07:07:00,2
"TO LAMBERT AIRPORT TERMINAL #1","CIVIC CENTER METROLINK STATION",CC0033,2,17,07:15:00,07:15:00,2
"TO SHILOH SCOTT","CIVIC CENTER METROLINK STATION",CC0033,2,23,07:17:00,07:17:00,2
"TO SHREWSBURY LANSDOWNE I-44","CIVIC CENTER METROLINK STATION",333399,2,17,07:25:00,07:25:00,2
"TO FAIRVIEW HEIGHTS","CIVIC CENTER METROLINK STATION",333399,2,23,07:27:00,07:27:00,2
"TO LAMBERT AIRPORT TERMINAL #1","CIVIC CENTER METROLINK STATION",CC0033,2,17,07:35:00,07:35:00,2
"TO SHILOH SCOTT","CIVIC CENTER METROLINK STATION",CC0033,2,23,07:37:00,07:37:00,2
"TO SHREWSBURY LANSDOWNE I-44","CIVIC CENTER METROLINK STATION",333399,2,17,07:45:00,07:45:00,2
"TO FAIRVIEW HEIGHTS","CIVIC CENTER METROLINK STATION",333399,2,23,07:47:00,07:47:00,2
"TO LAMBERT AIRPORT TERMINAL #1","CIVIC CENTER METROLINK STATION",CC0033,2,17,07:55:00,07:55:00,2
"TO SHILOH SCOTT","CIVIC CENTER METROLINK STATION",CC0033,2,23,07:57:00,07:57:00,2
"TO SHREWSBURY LANSDOWNE I-44","CIVIC CENTER METROLINK STATION",333399,2,17,08:05:00,08:05:00,2
"TO FAIRVIEW HEIGHTS","CIVIC CENTER METROLINK STATION",333399,2,23,08:07:00,08:07:00,2
"TO LAMBERT AIRPORT TERMINAL #1","CIVIC CENTER METROLINK STATION",CC0033,2,17,08:15:00,08:15:00,2
"TO SHILOH SCOTT","CIVIC CENTER METROLINK STATION",CC0033,2,23,08:17:00,08:17:00,2
"TO SHREWSBURY LANSDOWNE I-44","CIVIC CENTER METROLINK STATION",333399,2,17,08:25:00,08:25:00,2
"TO FAIRVIEW HEIGHTS","CIVIC CENTER METROLINK STATION",333399,2,23,08:27:00,08:27:00,2
"TO LAMBERT AIRPORT TERMINAL #1","CIVIC CENTER METROLINK STATION",CC0033,2,17,08:35:00,08:35:00,2
"TO SHILOH SCOTT","CIVIC CENTER METROLINK STATION",CC0033,2,23,08:37:00,08:37:00,2
"TO SHREWSBURY LANSDOWNE I-44","CIVIC CENTER METROLINK STATION",333399,2,17,08:45:00,08:45:00,2
"TO FAIRVIEW HEIGHTS","CIVIC CENTER METROLINK STATION",333399,2,23,08:47:00,08:47:00,2
"TO LAMBERT AIRPORT TERMINAL #1","CIVIC CENTER METROLINK STATION",CC0033,2,17,08:55:00,08:55:00,2
"TO SHILOH SCOTT","CIVIC CENTER METROLINK STATION",CC0033,2,23,08:57:00,08:57:00,2
"TO SHREWSBURY LANSDOWNE I-44","CIVIC CENTER METROLINK STATION",333399,2,17,09:05:00,09:05:00,2
"TO FAIRVIEW HEIGHTS","CIVIC CENTER METROLINK STATION",333399,2,23,09:07:00,09:07:00,2
"TO LAMBERT AIRPORT TERMINAL #1","CIVIC CENTER METROLINK STATION",CC0033,2,17,09:15:00,09:15:00,2
"TO SHILOH SCOTT","CIVIC CENTER METROLINK STATION",CC0033,2,23,09:17:00,09:17:00,2
"TO SHREWSBURY LANSDOWNE I-44","CIVIC CENTER METROLINK STATION",333399,2,17,09:25:00,09:25:00,2
"TO FAIRVIEW HEIGHTS","CIVIC CENTER METROLINK STATION",333399,2,23,09:27:00,09:27:00,2
"TO LAMBERT AIRPORT TERMINAL #1","CIVIC CENTER METROLINK STATION",CC0033,2,17,09:35:00,09:35:00,2
"TO SHILOH SCOTT","CIVIC CENTER METROLINK STATION",CC0033,2,23,09:37:00,09:37:00,2
"TO SHREWSBURY LANSDOWNE I-44","CIVIC CENTER METROLINK STATION",333399,2,17,09:45:00,09:45:00,2
"TO FAIRVIEW HEIGHTS","CIVIC CENTER METROLINK STATION",333399,2,23,09:47:00,09:47:00,2
"TO LAMBERT AIRPORT TERMINAL #1","CIVIC CENTER METROLINK STATION",CC0033,2,17,09:55:00,09:55:00,2
"TO SHILOH SCOTT","CIVIC CENTER METROLINK STATION",CC0033,2,23,09:57:00,09:57:00,2
"TO SHREWSBURY LANSDOWNE I-44","CIVIC CENTER METROLINK STATION",333399,2,17,10:05:00,10:05:00,2
"TO FAIRVIEW HEIGHTS","CIVIC CENTER METROLINK STATION",333399,2,23,10:07:00,10:07:00,2
"TO LAMBERT AIRPORT TERMINAL #1","CIVIC CENTER METROLINK STATION",CC0033,2,17,10:15:00,10:15:00,2
"TO SHILOH SCOTT","CIVIC CENTER METROLINK STATION",CC0033,2,23,10:17:00,10:17:00,2
"TO SHREWSBURY LANSDOWNE I-44","CIVIC CENTER METROLINK STATION",333399,2,17,10:25:00,10:25:00,2
"TO FAIRVIEW HEIGHTS","CIVIC CENTER METROLINK STATION",333399,2,23,10:27:00,10:27:00,2
"TO LAMBERT AIRPORT TERMINAL #1","CIVIC CENTER METROLINK STATION",CC0033,2,17,10:35:00,10:35:00,2
"TO SHILOH SCOTT","CIVIC CENTER METROLINK STATION",CC0033,2,23,10:37:00,10:37:00,2
"TO SHREWSBURY LANSDOWNE I-44","CIVIC CENTER METROLINK STATION",333399,2,17,10:45:00,10:45:00,2
"TO FAIRVIEW HEIGHTS","CIVIC CENTER METROLINK STATION",333399,2,23,10:47:00,10:47:00,2
"TO LAMBERT AIRPORT TERMINAL #1","CIVIC CENTER METROLINK STATION",CC0033,2,17,10:55:00,10:55:00,2
"TO SHILOH SCOTT","CIVIC CENTER METROLINK STATION",CC0033,2,23,10:57:00,10:57:00,2
"TO SHREWSBURY LANSDOWNE I-44","CIVIC CENTER METROLINK STATION",333399,2,17,11:05:00,11:05:00,2
"TO FAIRVIEW HEIGHTS","CIVIC CENTER METROLINK STATION",333399,2,23,11:07:00,11:07:00,2
"TO LAMBERT AIRPORT TERMINAL #1","CIVIC CENTER METROLINK STATION",CC0033,2,17,11:15:00,11:15:00,2
"TO SHILOH SCOTT","CIVIC CENTER METROLINK STATION",CC0033,2,23,11:17:00,11:17:00,2
"TO SHREWSBURY LANSDOWNE I-44","CIVIC CENTER METROLINK STATION",333399,2,17,11:25:00,11:25:00,2
"TO FAIRVIEW HEIGHTS","CIVIC CENTER METROLINK STATION",333399,2,23,11:27:00,11:27:00,2
"TO LAMBERT AIRPORT TERMINAL #1","CIVIC CENTER METROLINK STATION",CC0033,2,17,11:35:00,11:35:00,2
"TO SHILOH SCOTT","CIVIC CENTER METROLINK STATION",CC0033,2,23,11:37:00,11:37:00,2
"TO SHREWSBURY LANSDOWNE I-44","CIVIC CENTER METROLINK STATION",333399,2,17,11:45:00,11:45:00,2
"TO FAIRVIEW HEIGHTS","CIVIC CENTER METROLINK STATION",333399,2,23,11:47:00,11:47:00,2
"TO LAMBERT AIRPORT TERMINAL #1","CIVIC CENTER METROLINK STATION",CC0033,2,17,11:55:00,11:55:00,2
"TO SHILOH SCOTT","CIVIC CENTER METROLINK STATION",CC0033,2,23,11:57:00,11:57:00,2
"TO SHREWSBURY LANSDOWNE I-44","CIVIC CENTER METROLINK STATION",333399,2,17,12:05:00,12:05:00,2
"TO FAIRVIEW HEIGHTS","CIVIC CENTER METROLINK STATION",333399,2,23,12:07:00,12:07:00,2
"TO LAMBERT AIRPORT TERMINAL #1","CIVIC CENTER METROLINK STATION",CC0033,2,17,12:15:00,12:15:00,2
"TO SHILOH SCOTT","CIVIC CENTER METROLINK STATION",CC0033,2,23,12:17:00,12:17:00,2
"TO SHREWSBURY LANSDOWNE I-44","CIVIC CENTER METROLINK STATION",333399,2,17,12:25:00,12:25:00,2
"TO FAIRVIEW HEIGHTS","CIVIC CENTER METROLINK STATION",333399,2,23,12:27:00,12:27:00,2
"TO LAMBERT AIRPORT TERMINAL #1","CIVIC CENTER METROLINK STATION",CC0033,2,17,12:35:00,12:35:00,2
"TO SHILOH SCOTT","CIVIC CENTER METROLINK STATION",CC0033,2,23,12:37:00,12:37:00,2
"TO SHREWSBURY LANSDOWNE I-44","CIVIC CENTER METROLINK STATION",333399,2,17,12:45:00,12:45:00,2
"TO FAIRVIEW HEIGHTS","CIVIC CENTER METROLINK STATION",333399,2,23,12:47:00,12:47:00,2
"TO LAMBERT AIRPORT TERMINAL #1","CIVIC CENTER METROLINK STATION",CC0033,2,17,12:55:00,12:55:00,2
"TO SHILOH SCOTT","CIVIC CENTER METROLINK STATION",CC0033,2,23,12:57:00,12:57:00,2
"TO SHREWSBURY LANSDOWNE I-44","CIVIC CENTER METROLINK STATION",333399,2,17,13:05:00,13:05:00,2
"TO FAIRVIEW HEIGHTS","CIVIC CENTER METROLINK STATION",333399,2,23,13:07:00,13:07:00,2
"TO LAMBERT AIRPORT TERMINAL #1","CIVIC CENTER METROLINK STATION",CC0033,2,17,13:15:00,13:15:00,2
"TO SHILOH SCOTT","CIVIC CENTER METROLINK STATION",CC0033,2,23,13:17:00,13:17:00,2
"TO SHREWSBURY LANSDOWNE I-44","CIVIC CENTER METROLINK STATION",333399,2,17,13:25:00,13:25:00,2
"TO FAIRVIEW HEIGHTS","CIVIC CENTER METROLINK STATION",333399,2,23,13:27:00,13:27:00,2
"TO LAMBERT AIRPORT TERMINAL #1","CIVIC CENTER METROLINK STATION",CC0033,2,17,13:35:00,13:35:00,2
"TO SHILOH SCOTT","CIVIC CENTER METROLINK STATION",CC0033,2,23,13:37:00,13:37:00,2
"TO SHREWSBURY LANSDOWNE I-44","CIVIC CENTER METROLINK STATION",333399,2,17,13:45:00,13:45:00,2
"TO FAIRVIEW HEIGHTS","CIVIC CENTER METROLINK STATION",333399,2,23,13:47:00,13:47:00,2
"TO LAMBERT AIRPORT TERMINAL #1","CIVIC CENTER METROLINK STATION",CC0033,2,17,13:55:00,13:55:00,2
"TO SHILOH SCOTT","CIVIC CENTER METROLINK STATION",CC0033,2,23,13:57:00,13:57:00,2
"TO SHREWSBURY LANSDOWNE I-44","CIVIC CENTER METROLINK STATION",333399,2,17,14:05:00,14:05:00,2
"TO FAIRVIEW HEIGHTS","CIVIC CENTER METROLINK STATION",333399,2,23,14:07:00,14:07:00,2
"TO LAMBERT AIRPORT TERMINAL #1","CIVIC CENTER METROLINK STATION",CC0033,2,17,14:15:00,14:15:00,2
"TO SHILOH SCOTT","CIVIC CENTER METROLINK STATION",CC0033,2,23,14:17:00,14:17:00,2
"TO SHREWSBURY LANSDOWNE I-44","CIVIC CENTER METROLINK STATION",333399,2,17,14:25:00,14:25:00,2
"TO FAIRVIEW HEIGHTS","CIVIC CENTER METROLINK STATION",333399,2,23,14:27:00,14:27:00,2
"TO LAMBERT AIRPORT TERMINAL #1","CIVIC CENTER METROLINK STATION",CC0033,2,17,14:35:00,14:35:00,2
"TO SHILOH SCOTT","CIVIC CENTER METROLINK STATION",CC0033,2,23,14:37:00,14:37:00,2
"TO SHREWSBURY LANSDOWNE I-44","CIVIC CENTER METROLINK STATION",333399,2,17,14:45:00,14:45:00,2
"TO FAIRVIEW HEIGHTS","CIVIC CENTER METROLINK STATION",333399,2,23,14:47:00,14:47:00,2
"TO LAMBERT AIRPORT TERMINAL #1","CIVIC CENTER METROLINK STATION",CC0033,2,17,14:55:00,14:55:00,2
"TO SHILOH SCOTT","CIVIC CENTER METROLINK STATION",CC0033,2,23,14:57:00,14:57:00,2
"TO SHREWSBURY LANSDOWNE I-44","CIVIC CENTER METROLINK STATION",333399,2,17,15:05:00,15:05:00,2
"TO FAIRVIEW HEIGHTS","CIVIC CENTER METROLINK STATION",333399,2,23,15:07:00,15:07:00,2
"TO LAMBERT AIRPORT TERMINAL #1","CIVIC CENTER METROLINK STATION",CC0033,2,17,15:15:00,15:15:00,2
"TO SHILOH SCOTT","CIVIC CENTER METROLINK STATION",CC0033,2,23,15:17:00,15:17:00,2
"TO SHREWSBURY LANSDOWNE I-44","CIVIC CENTER METROLINK STATION",333399,2,17,15:25:00,15:25:00,2
"TO FAIRVIEW HEIGHTS","CIVIC CENTER METROLINK STATION",333399,2,23,15:27:00,15:27:00,2
"TO LAMBERT AIRPORT TERMINAL #1","CIVIC CENTER METROLINK STATION",CC0033,2,17,15:35:00,15:35:00,2
"TO SHILOH SCOTT","CIVIC CENTER METROLINK STATION",CC0033,2,23,15:37:00,15:37:00,2
"TO SHREWSBURY LANSDOWNE I-44","CIVIC CENTER METROLINK STATION",333399,2,17,15:45:00,15:45:00,2
"TO FAIRVIEW HEIGHTS","CIVIC CENTER METROLINK STATION",333399,2,23,15:47:00,15:47:00,2
"TO LAMBERT AIRPORT TERMINAL #1","CIVIC CENTER METROLINK STATION",CC0033,2,17,15:55:00,15:55:00,2
"TO SHILOH SCOTT","CIVIC CENTER METROLINK STATION",CC0033,2,23,15:57:00,15:57:00,2
"TO SHREWSBURY LANSDOWNE I-44","CIVIC CENTER METROLINK STATION",333399,2,17,16:05:00,16:05:00,2
"TO FAIRVIEW HEIGHTS","CIVIC CENTER METROLINK STATION",333399,2,23,16:07:00,16:07:00,2
"TO LAMBERT AIRPORT TERMINAL #1","CIVIC CENTER METROLINK STATION",CC0033,2,17,16:15:00,16:15:00,2
"TO SHILOH SCOTT","CIVIC CENTER METROLINK STATION",CC0033,2,23,16:17:00,16:17:00,2
"TO SHREWSBURY LANSDOWNE I-44","CIVIC CENTER METROLINK STATION",333399,2,17,16:25:00,16:25:00,2
"TO FAIRVIEW HEIGHTS","CIVIC CENTER METROLINK STATION",333399,2,23,16:27:00,16:27:00,2
"TO LAMBERT AIRPORT TERMINAL #1","CIVIC CENTER METROLINK STATION",CC0033,2,17,16:35:00,16:35:00,2
"TO SHILOH SCOTT","CIVIC CENTER METROLINK STATION",CC0033,2,23,16:37:00,16:37:00,2
"TO SHREWSBURY LANSDOWNE I-44","CIVIC CENTER METROLINK STATION",333399,2,17,16:45:00,16:45:00,2
"TO FAIRVIEW HEIGHTS","CIVIC CENTER METROLINK STATION",333399,2,23,16:47:00,16:47:00,2
"TO LAMBERT AIRPORT TERMINAL #1","CIVIC CENTER METROLINK STATION",CC0033,2,17,16:55:00,16:55:00,2
"TO SHILOH SCOTT","CIVIC CENTER METROLINK STATION",CC0033,2,23,16:57:00,16:57:00,2
"TO SHREWSBURY LANSDOWNE I-44","CIVIC CENTER METROLINK STATION",333399,2,17,17:05:00,17:05:00,2
"TO FAIRVIEW HEIGHTS","CIVIC CENTER METROLINK STATION",333399,2,23,17:07:00,17:07:00,2
"TO LAMBERT AIRPORT TERMINAL #1","CIVIC CENTER METROLINK STATION",CC0033,2,17,17:15:00,17:15:00,2
"TO SHILOH SCOTT","CIVIC CENTER METROLINK STATION",CC0033,2,23,17:17:00,17:17:00,2
"TO SHREWSBURY LANSDOWNE I-44","CIVIC CENTER METROLINK STATION",333399,2,17,17:25:00,17:25:00,2
"TO FAIRVIEW HEIGHTS","CIVIC CENTER METROLINK STATION",333399,2,23,17:27:00,17:27:00,2
"TO LAMBERT AIRPORT TERMINAL #1","CIVIC CENTER METROLINK STATION",CC0033,2,17,17:35:00,17:35:00,2
"TO SHILOH SCOTT","CIVIC CENTER METROLINK STATION",CC0033,2,23,17:37:00,17:37:00,2
"TO SHREWSBURY LANSDOWNE I-44","CIVIC CENTER METROLINK STATION",333399,2,17,17:45:00,17:45:00,2
"TO FAIRVIEW HEIGHTS","CIVIC CENTER METROLINK STATION",333399,2,23,17:47:00,17:47:00,2
"TO LAMBERT AIRPORT TERMINAL #1","CIVIC CENTER METROLINK STATION",CC0033,2,17,17:55:00,17:55:00,2
"TO SHILOH SCOTT","CIVIC CENTER METROLINK STATION",CC0033,2,23,17:57:00,17:57:00,2
"TO SHREWSBURY LANSDOWNE I-44","CIVIC CENTER METROLINK STATION",333399,2,17,18:05:00,18:05:00,2
"TO FAIRVIEW HEIGHTS","CIVIC CENTER METROLINK STATION",333399,2,23,18:07:00,18:07:00,2
"TO LAMBERT AIRPORT TERMINAL #1","CIVIC CENTER METROLINK STATION",CC0033,2,17,18:15:00,18:15:00,2
"TO SHILOH SCOTT","CIVIC CENTER METROLINK STATION",CC0033,2,23,18:17:00,18:17:00,2
"TO SHREWSBURY LANSDOWNE I-44","CIVIC CENTER METROLINK STATION",333399,2,17,18:25:00,18:25:00,2
"TO FAIRVIEW HEIGHTS","CIVIC CENTER METROLINK STATION",333399,2,23,18:27:00,18:27:00,2
"TO LAMBERT AIRPORT TERMINAL #1","CIVIC CENTER METROLINK STATION",CC0033,2,17,18:35:00,18:35:00,2
"TO SHILOH SCOTT","CIVIC CENTER METROLINK STATION",CC0033,2,23,18:37:00,18:37:00,2
"TO SHREWSBURY LANSDOWNE I-44","CIVIC CENTER METROLINK STATION",333399,2,17,18:45:00,18:45:00,2
"TO FAIRVIEW HEIGHTS","CIVIC CENTER METROLINK STATION",333399,2,23,18:47:00,18:47:00,2
"TO LAMBERT AIRPORT TERMINAL #1","CIVIC CENTER METROLINK STATION",CC0033,2,17,18:55:00,18:55:00,2
"TO SHILOH SCOTT","CIVIC CENTER METROLINK STATION",CC0033,2,23,18:57:00,18:57:00,2
"TO SHREWSBURY LANSDOWNE I-44","CIVIC CENTER METROLINK STATION",333399,2,17,19:05:00,19:05:00,2
"TO FAIRVIEW HEIGHTS","CIVIC CENTER METROLINK STATION",333399,2,23,19:07:00,19:07:00,2
"TO LAMBERT AIRPORT TERMINAL #1","CIVIC CENTER METROLINK STATION",CC0033,2,17,19:15:00,19:15:00,2
"TO SHILOH SCOTT","CIVIC CENTER METROLINK STATION",CC0033,2,23,19:17:00,19:17:00,2
"TO SHREWSBURY LANSDOWNE I-44","CIVIC CENTER METROLINK STATION",333399,2,17,19:25:00,19:25:00,2
"TO FAIRVIEW HEIGHTS","CIVIC CENTER METROLINK STATION",333399,2,23,19:27:00,19:27:00,2
"TO LAMBERT AIRPORT TERMINAL #1","CIVIC CENTER METROLINK STATION",CC0033,2,17,19:35:00,19:35:00,2
"TO SHILOH SCOTT","CIVIC CENTER METROLINK STATION",CC0033,2,23,19:37:00,19:37:00,2
"TO SHREWSBURY LANSDOWNE I-44","CIVIC CENTER METROLINK STATION",333399,2,17,19:45:00,19:45:00,2
"TO FAIRVIEW HEIGHTS","CIVIC CENTER METROLINK STATION",333399,2,23,19:47:00,19:47:00,2
"TO LAMBERT AIRPORT TERMINAL #1","CIVIC CENTER METROLINK STATION",CC0033,2,17,19:55:00,19:55:00,2
"TO SHILOH SCOTT","CIVIC CENTER METROLINK STATION",CC0033,2,23,19:57:00,19:57:00,2
"TO SHREWSBURY LANSDOWNE I-44","CIVIC CENTER METROLINK STATION",333399,2,17,20:05:00,20:05:00,2
"TO FAIRVIEW HEIGHTS","CIVIC CENTER METROLINK STATION",333399,2,23,20:07:00,20:07:00,2
"TO LAMBERT AIRPORT TERMINAL #1","CIVIC CENTER METROLINK STATION",CC0033,2,17,20:15:00,20:15:00,2
"TO SHILOH SCOTT","CIVIC CENTER METROLINK STATION",CC0033,2,23,20:17:00,20:17:00,2
"TO SHREWSBURY LANSDOWNE I-44","CIVIC CENTER METROLINK STATION",333399,2,17,20:25:00,20:25:00,2
"TO FAIRVIEW HEIGHTS","CIVIC CENTER METROLINK STATION",333399,2,23,20:27:00,20:27:00,2
"TO LAMBERT AIRPORT TERMINAL #1","CIVIC CENTER METROLINK STATION",CC0033,2,17,20:35:00,20:35:00,2
"TO SHILOH SCOTT","CIVIC CENTER METROLINK STATION",CC0033,2,23,20:37:00,20:37:00,2
"TO SHREWSBURY LANSDOWNE I-44","CIVIC CENTER METROLINK STATION",333399,2,17,20:45:00,20:45:00,2
"TO FAIRVIEW HEIGHTS","CIVIC CENTER METROLINK STATION",333399,2,23,20:47:00,20:47:00,2
"TO LAMBERT AIRPORT TERMINAL #1","CIVIC CENTER METROLINK STATION",CC0033,2,17,20:55:00,20:55:00,2
"TO SHILOH SCOTT","CIVIC CENTER METROLINK STATION",CC0033,2,23,20:57:00,20:57:00,2
"TO SHREWSBURY LANSDOWNE I-44","CIVIC CENTER METROLINK STATION",333399,2,17,21:05:00,21:05:00,2
"TO FAIRVIEW HEIGHTS","CIVIC CENTER METROLINK STATION",333399,2,23,21:07:00,21:07:00,2
"TO LAMBERT AIRPORT TERMINAL #1","CIVIC CENTER METROLINK STATION",CC0033,2,17,21:15:00,21:15:00,2
"TO SHILOH SCOTT","CIVIC CENTER METROLINK STATION",CC0033,2,23,21:17:00,21:17:00,2
"TO SHREWSBURY LANSDOWNE I-44","CIVIC CENTER METROLINK STATION",333399,2,17,21:25:00,21:25:00,2
"TO FAIRVIEW HEIGHTS","CIVIC CENTER METROLINK STATION",333399,2,23,21:27:00,21:27:00,2
"TO LAMBERT AIRPORT TERMINAL #1","CIVIC CENTER METROLINK STATION",CC0033,2,17,21:35:00,21:35:00,2
"TO SHILOH SCOTT","CIVIC CENTER METROLINK STATION",CC0033,2,23,21:37:00,21:37:00,2
"TO SHREWSBURY LANSDOWNE I-44","CIVIC CENTER METROLINK STATION",333399,2,17,21:45:00,21:45:00,2
"TO FAIRVIEW HEIGHTS","CIVIC CENTER METROLINK STATION",333399,2,23,21:47:00,21:47:00,2
"TO LAMBERT AIRPORT TERMINAL #1","CIVIC CENTER METROLINK STATION",CC0033,2,17,21:55:00,21:55:00,2
"TO SHILOH SCOTT","CIVIC CENTER METROLINK STATION",CC0033,2,23,21:57:00,21:57:00,2
"TO SHREWSBURY LANSDOWNE I-44","CIVIC CENTER METROLINK STATION",333399,2,17,22:05:00,22:05:00,2
"TO FAIRVIEW HEIGHTS","CIVIC CENTER METROLINK STATION",333399,2,23,22:07:00,22:07:00,2
"TO LAMBERT AIRPORT TERMINAL #1","CIVIC CENTER METROLINK STATION",CC0033,2,17,22:15:00,22:15:00,2
"TO SHILOH SCOTT","CIVIC CENTER METROLINK STATION",CC0033,2,23,22:17:00,22:17:00,2
"TO SHREWSBURY LANSDOWNE I-44","CIVIC CENTER METROLINK STATION",333399,2,17,22:25:00,22:25:00,2
"TO FAIRVIEW HEIGHTS","CIVIC CENTER METROLINK STATION",333399,2,23,22:27:00,22:27:00,2
"TO LAMBERT AIRPORT TERMINAL #1","CIVIC CENTER METROLINK STATION",CC0033,2,17,22:35:00,22:35:00,2
"TO SHILOH SCOTT","CIVIC CENTER METROLINK STATION",CC0033,2,23,22:37:00,22:37:00,2
"TO SHREWSBURY LANSDOWNE I-44","CIVIC CENTER METROLINK STATION",333399,2,17,22:45:00,22:45:00,2
"TO FAIRVIEW HEIGHTS","CIVIC CENTER METROLINK STATION",333399,2,23,22:47:00,22:47:00,2
"TO LAMBERT AIRPORT TERMINAL #1","CIVIC CENTER METROLINK STATION",CC0033,2,17,22:55:00,22:55:00,2
"TO SHILOH SCOTT","CIVIC CENTER METROLINK STATION",CC0033,2,23,22:57:00,22:57:00,2
"TO SHREWSBURY LANSDOWNE I-44","CIVIC CENTER METROLINK STATION",333399,2,17,23:04:00,23:04:00,2
"TO FAIRVIEW HEIGHTS","CIVIC CENTER METROLINK STATION",333399,2,23,23:07:00,23:07:00,2
"TO LAMBERT AIRPORT TERMINAL #1","CIVIC CENTER METROLINK STATION",CC0033,2,17,23:15:00,23:15:00,2
"TO SHILOH SCOTT","CIVIC CENTER METROLINK STATION",CC0033,2,23,23:17:00,23:17:00,2
"TO SHREWSBURY LANSDOWNE I-44","CIVIC CENTER METROLINK STATION",333399,2,17,23:24:00,23:24:00,2
"TO FAIRVIEW HEIGHTS","CIVIC CENTER METROLINK STATION",333399,2,23,23:27:00,23:27:00,2
"TO SHILOH SCOTT","CIVIC CENTER METROLINK STATION",CC0033,2,23,23:37:00,23:37:00,2
"TO EMERSON PARK","CIVIC CENTER METROLINK STATION",333399,2,23,23:42:00,23:42:00,2
"TO LAMBERT AIRPORT TERMINAL #1","CIVIC CENTER METROLINK STATION",CC0033,2,17,23:44:00,23:44:00,2
"TO FAIRVIEW HEIGHTS","CIVIC CENTER METROLINK STATION",CC0033,2,23,23:51:00,23:51:00,2
"TO EMERSON PARK","CIVIC CENTER METROLINK STATION",333399,2,23,23:57:00,23:57:00,2
"TO SHREWSBURY LANSDOWNE I-44","CIVIC CENTER METROLINK STATION",333399,2,17,24:04:00,24:04:00,2
"TO FAIRVIEW HEIGHTS","CIVIC CENTER METROLINK STATION",CC0033,2,23,24:11:00,24:11:00,2
"TO LAMBERT AIRPORT TERMINAL #1","CIVIC CENTER METROLINK STATION",CC0033,2,17,24:14:00,24:14:00,2
"TO FAIRVIEW HEIGHTS","CIVIC CENTER METROLINK STATION",333399,2,23,24:23:00,24:23:00,2
"TO FAIRVIEW HEIGHTS","CIVIC CENTER METROLINK STATION",CC0033,2,23,24:38:00,24:38:00,2
