"TO LAMBERT AIRPORT TERMINAL #1","CONVENTION CENTER METROLINK STATION",CC0033,2,14,04:22:00,04:22:00,2
"TO SHREWSBURY LANSDOWNE I-44","CONVENTION CENTER METROLINK STATION",333399,2,14,04:35:00,04:35:00,2
"TO LAMBERT AIRPORT TERMINAL #1","CONVENTION CENTER METROLINK STATION",CC0033,2,14,04:47:00,04:47:00,2
"TO SHREWSBURY LANSDOWNE I-44","CONVENTION CENTER METROLINK STATION",333399,2,14,05:01:00,05:01:00,2
"TO LAMBERT AIRPORT TERMINAL #1","CONVENTION CENTER METROLINK STATION",CC0033,2,14,05:07:00,05:07:00,2
"TO SHREWSBURY LANSDOWNE I-44","CONVENTION CENTER METROLINK STATION",333399,2,14,05:20:00,05:20:00,2
"TO LAMBERT AIRPORT TERMINAL #1","CONVENTION CENTER METROLINK STATION",CC0033,2,14,05:25:00,05:25:00,2
"TO LAMBERT AIRPORT TERMINAL #1","CONVENTION CENTER METROLINK STATION",CC0033,2,14,05:30:00,05:30:00,2
"TO SHREWSBURY LANSDOWNE I-44","CONVENTION CENTER METROLINK STATION",333399,2,14,05:35:00,05:35:00,2
"TO SHREWSBURY LANSDOWNE I-44","CONVENTION CENTER METROLINK STATION",333399,2,14,05:40:00,05:40:00,2
"TO SHILOH SCOTT","CONVENTION CENTER METROLINK STATION",CC0033,2,26,05:42:00,05:42:00,2
"TO LAMBERT AIRPORT TERMINAL #1","CONVENTION CENTER METROLINK STATION",CC0033,2,14,05:50:00,05:50:00,2
"TO FAIRVIEW HEIGHTS","CONVENTION CENTER METROLINK STATION",333399,2,26,05:52:00,05:52:00,2
"TO SHREWSBURY LANSDOWNE I-44","CONVENTION CENTER METROLINK STATION",333399,2,14,06:00:00,06:00:00,2
"TO SHILOH SCOTT","CONVENTION CENTER METROLINK STATION",CC0033,2,26,06:02:00,06:02:00,2
"TO LAMBERT AIRPORT TERMINAL #1","CONVENTION CENTER METROLINK STATION",CC0033,2,14,06:10:00,06:10:00,2
"TO FAIRVIEW HEIGHTS","CONVENTION CENTER METROLINK STATION",333399,2,26,06:12:00,06:12:00,2
"TO SHREWSBURY LANSDOWNE I-44","CONVENTION CENTER METROLINK STATION",333399,2,14,06:20:00,06:20:00,2
"TO SHILOH SCOTT","CONVENTION CENTER METROLINK STATION",CC0033,2,26,06:22:00,06:22:00,2
"TO LAMBERT AIRPORT TERMINAL #1","CONVENTION CENTER METROLINK STATION",CC0033,2,14,06:30:00,06:30:00,2
"TO FAIRVIEW HEIGHTS","CONVENTION CENTER METROLINK STATION",333399,2,26,06:32:00,06:32:00,2
"TO SHREWSBURY LANSDOWNE I-44","CONVENTION CENTER METROLINK STATION",333399,2,14,06:40:00,06:40:00,2
"TO SHILOH SCOTT","CONVENTION CENTER METROLINK STATION",CC0033,2,26,06:42:00,06:42:00,2
"TO LAMBERT AIRPORT TERMINAL #1","CONVENTION CENTER METROLINK STATION",CC0033,2,14,06:50:00,06:50:00,2
"TO FAIRVIEW HEIGHTS","CONVENTION CENTER METROLINK STATION",333399,2,26,06:52:00,06:52:00,2
"TO SHREWSBURY LANSDOWNE I-44","CONVENTION CENTER METROLINK STATION",333399,2,14,07:00:00,07:00:00,2
"TO SHILOH SCOTT","CONVENTION CENTER METROLINK STATION",CC0033,2,26,07:02:00,07:02:00,2
"TO LAMBERT AIRPORT TERMINAL #1","CONVENTION CENTER METROLINK STATION",CC0033,2,14,07:10:00,07:10:00,2
"TO FAIRVIEW HEIGHTS","CONVENTION CENTER METROLINK STATION",333399,2,26,07:12:00,07:12:00,2
"TO SHREWSBURY LANSDOWNE I-44","CONVENTION CENTER METROLINK STATION",333399,2,14,07:20:00,07:20:00,2
"TO SHILOH SCOTT","CONVENTION CENTER METROLINK STATION",CC0033,2,26,07:22:00,07:22:00,2
"TO LAMBERT AIRPORT TERMINAL #1","CONVENTION CENTER METROLINK STATION",CC0033,2,14,07:30:00,07:30:00,2
"TO FAIRVIEW HEIGHTS","CONVENTION CENTER METROLINK STATION",333399,2,26,07:32:00,07:32:00,2
"TO SHREWSBURY LANSDOWNE I-44","CONVENTION CENTER METROLINK STATION",333399,2,14,07:40:00,07:40:00,2
"TO SHILOH SCOTT","CONVENTION CENTER METROLINK STATION",CC0033,2,26,07:42:00,07:42:00,2
"TO LAMBERT AIRPORT TERMINAL #1","CONVENTION CENTER METROLINK STATION",CC0033,2,14,07:50:00,07:50:00,2
"TO FAIRVIEW HEIGHTS","CONVENTION CENTER METROLINK STATION",333399,2,26,07:52:00,07:52:00,2
"TO SHREWSBURY LANSDOWNE I-44","CONVENTION CENTER METROLINK STATION",333399,2,14,08:00:00,08:00:00,2
"TO SHILOH SCOTT","CONVENTION CENTER METROLINK STATION",CC0033,2,26,08:02:00,08:02:00,2
"TO LAMBERT AIRPORT TERMINAL #1","CONVENTION CENTER METROLINK STATION",CC0033,2,14,08:10:00,08:10:00,2
"TO FAIRVIEW HEIGHTS","CONVENTION CENTER METROLINK STATION",333399,2,26,08:12:00,08:12:00,2
"TO SHREWSBURY LANSDOWNE I-44","CONVENTION CENTER METROLINK STATION",333399,2,14,08:20:00,08:20:00,2
"TO SHILOH SCOTT","CONVENTION CENTER METROLINK STATION",CC0033,2,26,08:22:00,08:22:00,2
"TO LAMBERT AIRPORT TERMINAL #1","CONVENTION CENTER METROLINK STATION",CC0033,2,14,08:30:00,08:30:00,2
"TO FAIRVIEW HEIGHTS","CONVENTION CENTER METROLINK STATION",333399,2,26,08:32:00,08:32:00,2
"TO SHREWSBURY LANSDOWNE I-44","CONVENTION CENTER METROLINK STATION",333399,2,14,08:40:00,08:40:00,2
"TO SHILOH SCOTT","CONVENTION CENTER METROLINK STATION",CC0033,2,26,08:42:00,08:42:00,2
"TO LAMBERT AIRPORT TERMINAL #1","CONVENTION CENTER METROLINK STATION",CC0033,2,14,08:50:00,08:50:00,2
"TO FAIRVIEW HEIGHTS","CONVENTION CENTER METROLINK STATION",333399,2,26,08:52:00,08:52:00,2
"TO SHREWSBURY LANSDOWNE I-44","CONVENTION CENTER METROLINK STATION",333399,2,14,09:00:00,09:00:00,2
"TO SHILOH SCOTT","CONVENTION CENTER METROLINK STATION",CC0033,2,26,09:02:00,09:02:00,2
"TO LAMBERT AIRPORT TERMINAL #1","CONVENTION CENTER METROLINK STATION",CC0033,2,14,09:10:00,09:10:00,2
"TO FAIRVIEW HEIGHTS","CONVENTION CENTER METROLINK STATION",333399,2,26,09:12:00,09:12:00,2
"TO SHREWSBURY LANSDOWNE I-44","CONVENTION CENTER METROLINK STATION",333399,2,14,09:20:00,09:20:00,2
"TO SHILOH SCOTT","CONVENTION CENTER METROLINK STATION",CC0033,2,26,09:22:00,09:22:00,2
"TO LAMBERT AIRPORT TERMINAL #1","CONVENTION CENTER METROLINK STATION",CC0033,2,14,09:30:00,09:30:00,2
"TO FAIRVIEW HEIGHTS","CONVENTION CENTER METROLINK STATION",333399,2,26,09:32:00,09:32:00,2
"TO SHREWSBURY LANSDOWNE I-44","CONVENTION CENTER METROLINK STATION",333399,2,14,09:40:00,09:40:00,2
"TO SHILOH SCOTT","CONVENTION CENTER METROLINK STATION",CC0033,2,26,09:42:00,09:42:00,2
"TO LAMBERT AIRPORT TERMINAL #1","CONVENTION CENTER METROLINK STATION",CC0033,2,14,09:50:00,09:50:00,2
"TO FAIRVIEW HEIGHTS","CONVENTION CENTER METROLINK STATION",333399,2,26,09:52:00,09:52:00,2
"TO SHREWSBURY LANSDOWNE I-44","CONVENTION CENTER METROLINK STATION",333399,2,14,10:00:00,10:00:00,2
"TO SHILOH SCOTT","CONVENTION CENTER METROLINK STATION",CC0033,2,26,10:02:00,10:02:00,2
"TO LAMBERT AIRPORT TERMINAL #1","CONVENTION CENTER METROLINK STATION",CC0033,2,14,10:10:00,10:10:00,2
"TO FAIRVIEW HEIGHTS","CONVENTION CENTER METROLINK STATION",333399,2,26,10:12:00,10:12:00,2
"TO SHREWSBURY LANSDOWNE I-44","CONVENTION CENTER METROLINK STATION",333399,2,14,10:20:00,10:20:00,2
"TO SHILOH SCOTT","CONVENTION CENTER METROLINK STATION",CC0033,2,26,10:22:00,10:22:00,2
"TO LAMBERT AIRPORT TERMINAL #1","CONVENTION CENTER METROLINK STATION",CC0033,2,14,10:30:00,10:30:00,2
"TO FAIRVIEW HEIGHTS","CONVENTION CENTER METROLINK STATION",333399,2,26,10:32:00,10:32:00,2
"TO SHREWSBURY LANSDOWNE I-44","CONVENTION CENTER METROLINK STATION",333399,2,14,10:40:00,10:40:00,2
"TO SHILOH SCOTT","CONVENTION CENTER METROLINK STATION",CC0033,2,26,10:42:00,10:42:00,2
"TO LAMBERT AIRPORT TERMINAL #1","CONVENTION CENTER METROLINK STATION",CC0033,2,14,10:50:00,10:50:00,2
"TO FAIRVIEW HEIGHTS","CONVENTION CENTER METROLINK STATION",333399,2,26,10:52:00,10:52:00,2
"TO SHREWSBURY LANSDOWNE I-44","CONVENTION CENTER METROLINK STATION",333399,2,14,11:00:00,11:00:00,2
"TO SHILOH SCOTT","CONVENTION CENTER METROLINK STATION",CC0033,2,26,11:02:00,11:02:00,2
"TO LAMBERT AIRPORT TERMINAL #1","CONVENTION CENTER METROLINK STATION",CC0033,2,14,11:10:00,11:10:00,2
"TO FAIRVIEW HEIGHTS","CONVENTION CENTER METROLINK STATION",333399,2,26,11:12:00,11:12:00,2
"TO SHREWSBURY LANSDOWNE I-44","CONVENTION CENTER METROLINK STATION",333399,2,14,11:20:00,11:20:00,2
"TO SHILOH SCOTT","CONVENTION CENTER METROLINK STATION",CC0033,2,26,11:22:00,11:22:00,2
"TO LAMBERT AIRPORT TERMINAL #1","CONVENTION CENTER METROLINK STATION",CC0033,2,14,11:30:00,11:30:00,2
"TO FAIRVIEW HEIGHTS","CONVENTION CENTER METROLINK STATION",333399,2,26,11:32:00,11:32:00,2
"TO SHREWSBURY LANSDOWNE I-44","CONVENTION CENTER METROLINK STATION",333399,2,14,11:40:00,11:40:00,2
"TO SHILOH SCOTT","CONVENTION CENTER METROLINK STATION",CC0033,2,26,11:42:00,11:42:00,2
"TO LAMBERT AIRPORT TERMINAL #1","CONVENTION CENTER METROLINK STATION",CC0033,2,14,11:50:00,11:50:00,2
"TO FAIRVIEW HEIGHTS","CONVENTION CENTER METROLINK STATION",333399,2,26,11:52:00,11:52:00,2
"TO SHREWSBURY LANSDOWNE I-44","CONVENTION CENTER METROLINK STATION",333399,2,14,12:00:00,12:00:00,2
"TO SHILOH SCOTT","CONVENTION CENTER METROLINK STATION",CC0033,2,26,12:02:00,12:02:00,2
"TO LAMBERT AIRPORT TERMINAL #1","CONVENTION CENTER METROLINK STATION",CC0033,2,14,12:10:00,12:10:00,2
"TO FAIRVIEW HEIGHTS","CONVENTION CENTER METROLINK STATION",333399,2,26,12:12:00,12:12:00,2
"TO SHREWSBURY LANSDOWNE I-44","CONVENTION CENTER METROLINK STATION",333399,2,14,12:20:00,12:20:00,2
"TO SHILOH SCOTT","CONVENTION CENTER METROLINK STATION",CC0033,2,26,12:22:00,12:22:00,2
"TO LAMBERT AIRPORT TERMINAL #1","CONVENTION CENTER METROLINK STATION",CC0033,2,14,12:30:00,12:30:00,2
"TO FAIRVIEW HEIGHTS","CONVENTION CENTER METROLINK STATION",333399,2,26,12:32:00,12:32:00,2
"TO SHREWSBURY LANSDOWNE I-44","CONVENTION CENTER METROLINK STATION",333399,2,14,12:40:00,12:40:00,2
"TO SHILOH SCOTT","CONVENTION CENTER METROLINK STATION",CC0033,2,26,12:42:00,12:42:00,2
"TO LAMBERT AIRPORT TERMINAL #1","CONVENTION CENTER METROLINK STATION",CC0033,2,14,12:50:00,12:50:00,2
"TO FAIRVIEW HEIGHTS","CONVENTION CENTER METROLINK STATION",333399,2,26,12:52:00,12:52:00,2
"TO SHREWSBURY LANSDOWNE I-44","CONVENTION CENTER METROLINK STATION",333399,2,14,13:00:00,13:00:00,2
"TO SHILOH SCOTT","CONVENTION CENTER METROLINK STATION",CC0033,2,26,13:02:00,13:02:00,2
"TO LAMBERT AIRPORT TERMINAL #1","CONVENTION CENTER METROLINK STATION",CC0033,2,14,13:10:00,13:10:00,2
"TO FAIRVIEW HEIGHTS","CONVENTION CENTER METROLINK STATION",333399,2,26,13:12:00,13:12:00,2
"TO SHREWSBURY LANSDOWNE I-44","CONVENTION CENTER METROLINK STATION",333399,2,14,13:20:00,13:20:00,2
"TO SHILOH SCOTT","CONVENTION CENTER METROLINK STATION",CC0033,2,26,13:22:00,13:22:00,2
"TO LAMBERT AIRPORT TERMINAL #1","CONVENTION CENTER METROLINK STATION",CC0033,2,14,13:30:00,13:30:00,2
"TO FAIRVIEW HEIGHTS","CONVENTION CENTER METROLINK STATION",333399,2,26,13:32:00,13:32:00,2
"TO SHREWSBURY LANSDOWNE I-44","CONVENTION CENTER METROLINK STATION",333399,2,14,13:40:00,13:40:00,2
"TO SHILOH SCOTT","CONVENTION CENTER METROLINK STATION",CC0033,2,26,13:42:00,13:42:00,2
"TO LAMBERT AIRPORT TERMINAL #1","CONVENTION CENTER METROLINK STATION",CC0033,2,14,13:50:00,13:50:00,2
"TO FAIRVIEW HEIGHTS","CONVENTION CENTER METROLINK STATION",333399,2,26,13:52:00,13:52:00,2
"TO SHREWSBURY LANSDOWNE I-44","CONVENTION CENTER METROLINK STATION",333399,2,14,14:00:00,14:00:00,2
"TO SHILOH SCOTT","CONVENTION CENTER METROLINK STATION",CC0033,2,26,14:02:00,14:02:00,2
"TO LAMBERT AIRPORT TERMINAL #1","CONVENTION CENTER METROLINK STATION",CC0033,2,14,14:10:00,14:10:00,2
"TO FAIRVIEW HEIGHTS","CONVENTION CENTER METROLINK STATION",333399,2,26,14:12:00,14:12:00,2
"TO SHREWSBURY LANSDOWNE I-44","CONVENTION CENTER METROLINK STATION",333399,2,14,14:20:00,14:20:00,2
"TO SHILOH SCOTT","CONVENTION CENTER METROLINK STATION",CC0033,2,26,14:22:00,14:22:00,2
"TO LAMBERT AIRPORT TERMINAL #1","CONVENTION CENTER METROLINK STATION",CC0033,2,14,14:30:00,14:30:00,2
"TO FAIRVIEW HEIGHTS","CONVENTION CENTER METROLINK STATION",333399,2,26,14:32:00,14:32:00,2
"TO SHREWSBURY LANSDOWNE I-44","CONVENTION CENTER METROLINK STATION",333399,2,14,14:40:00,14:40:00,2
"TO SHILOH SCOTT","CONVENTION CENTER METROLINK STATION",CC0033,2,26,14:42:00,14:42:00,2
"TO LAMBERT AIRPORT TERMINAL #1","CONVENTION CENTER METROLINK STATION",CC0033,2,14,14:50:00,14:50:00,2
"TO FAIRVIEW HEIGHTS","CONVENTION CENTER METROLINK STATION",333399,2,26,14:52:00,14:52:00,2
"TO SHREWSBURY LANSDOWNE I-44","CONVENTION CENTER METROLINK STATION",333399,2,14,15:00:00,15:00:00,2
"TO SHILOH SCOTT","CONVENTION CENTER METROLINK STATION",CC0033,2,26,15:02:00,15:02:00,2
"TO LAMBERT AIRPORT TERMINAL #1","CONVENTION CENTER METROLINK STATION",CC0033,2,14,15:10:00,15:10:00,2
"TO FAIRVIEW HEIGHTS","CONVENTION CENTER METROLINK STATION",333399,2,26,15:12:00,15:12:00,2
"TO SHREWSBURY LANSDOWNE I-44","CONVENTION CENTER METROLINK STATION",333399,2,14,15:20:00,15:20:00,2
"TO SHILOH SCOTT","CONVENTION CENTER METROLINK STATION",CC0033,2,26,15:22:00,15:22:00,2
"TO LAMBERT AIRPORT TERMINAL #1","CONVENTION CENTER METROLINK STATION",CC0033,2,14,15:30:00,15:30:00,2
"TO FAIRVIEW HEIGHTS","CONVENTION CENTER METROLINK STATION",333399,2,26,15:32:00,15:32:00,2
"TO SHREWSBURY LANSDOWNE I-44","CONVENTION CENTER METROLINK STATION",333399,2,14,15:40:00,15:40:00,2
"TO SHILOH SCOTT","CONVENTION CENTER METROLINK STATION",CC0033,2,26,15:42:00,15:42:00,2
"TO LAMBERT AIRPORT TERMINAL #1","CONVENTION CENTER METROLINK STATION",CC0033,2,14,15:50:00,15:50:00,2
"TO FAIRVIEW HEIGHTS","CONVENTION CENTER METROLINK STATION",333399,2,26,15:52:00,15:52:00,2
"TO SHREWSBURY LANSDOWNE I-44","CONVENTION CENTER METROLINK STATION",333399,2,14,16:00:00,16:00:00,2
"TO SHILOH SCOTT","CONVENTION CENTER METROLINK STATION",CC0033,2,26,16:02:00,16:02:00,2
"TO LAMBERT AIRPORT TERMINAL #1","CONVENTION CENTER METROLINK STATION",CC0033,2,14,16:10:00,16:10:00,2
"TO FAIRVIEW HEIGHTS","CONVENTION CENTER METROLINK STATION",333399,2,26,16:12:00,16:12:00,2
"TO SHREWSBURY LANSDOWNE I-44","CONVENTION CENTER METROLINK STATION",333399,2,14,16:20:00,16:20:00,2
"TO SHILOH SCOTT","CONVENTION CENTER METROLINK STATION",CC0033,2,26,16:22:00,16:22:00,2
"TO LAMBERT AIRPORT TERMINAL #1","CONVENTION CENTER METROLINK STATION",CC0033,2,14,16:30:00,16:30:00,2
"TO FAIRVIEW HEIGHTS","CONVENTION CENTER METROLINK STATION",333399,2,26,16:32:00,16:32:00,2
"TO SHREWSBURY LANSDOWNE I-44","CONVENTION CENTER METROLINK STATION",333399,2,14,16:40:00,16:40:00,2
"TO SHILOH SCOTT","CONVENTION CENTER METROLINK STATION",CC0033,2,26,16:42:00,16:42:00,2
"TO LAMBERT AIRPORT TERMINAL #1","CONVENTION CENTER METROLINK STATION",CC0033,2,14,16:50:00,16:50:00,2
"TO FAIRVIEW HEIGHTS","CONVENTION CENTER METROLINK STATION",333399,2,26,16:52:00,16:52:00,2
"TO SHREWSBURY LANSDOWNE I-44","CONVENTION CENTER METROLINK STATION",333399,2,14,17:00:00,17:00:00,2
"TO SHILOH SCOTT","CONVENTION CENTER METROLINK STATION",CC0033,2,26,17:02:00,17:02:00,2
"TO LAMBERT AIRPORT TERMINAL #1","CONVENTION CENTER METROLINK STATION",CC0033,2,14,17:10:00,17:10:00,2
"TO FAIRVIEW HEIGHTS","CONVENTION CENTER METROLINK STATION",333399,2,26,17:12:00,17:12:00,2
"TO SHREWSBURY LANSDOWNE I-44","CONVENTION CENTER METROLINK STATION",333399,2,14,17:20:00,17:20:00,2
"TO SHILOH SCOTT","CONVENTION CENTER METROLINK STATION",CC0033,2,26,17:22:00,17:22:00,2
"TO LAMBERT AIRPORT TERMINAL #1","CONVENTION CENTER METROLINK STATION",CC0033,2,14,17:30:00,17:30:00,2
"TO FAIRVIEW HEIGHTS","CONVENTION CENTER METROLINK STATION",333399,2,26,17:32:00,17:32:00,2
"TO SHREWSBURY LANSDOWNE I-44","CONVENTION CENTER METROLINK STATION",333399,2,14,17:40:00,17:40:00,2
"TO SHILOH SCOTT","CONVENTION CENTER METROLINK STATION",CC0033,2,26,17:42:00,17:42:00,2
"TO LAMBERT AIRPORT TERMINAL #1","CONVENTION CENTER METROLINK STATION",CC0033,2,14,17:50:00,17:50:00,2
"TO FAIRVIEW HEIGHTS","CONVENTION CENTER METROLINK STATION",333399,2,26,17:52:00,17:52:00,2
"TO SHREWSBURY LANSDOWNE I-44","CONVENTION CENTER METROLINK STATION",333399,2,14,18:00:00,18:00:00,2
"TO SHILOH SCOTT","CONVENTION CENTER METROLINK STATION",CC0033,2,26,18:02:00,18:02:00,2
"TO LAMBERT AIRPORT TERMINAL #1","CONVENTION CENTER METROLINK STATION",CC0033,2,14,18:10:00,18:10:00,2
"TO FAIRVIEW HEIGHTS","CONVENTION CENTER METROLINK STATION",333399,2,26,18:12:00,18:12:00,2
"TO SHREWSBURY LANSDOWNE I-44","CONVENTION CENTER METROLINK STATION",333399,2,14,18:20:00,18:20:00,2
"TO SHILOH SCOTT","CONVENTION CENTER METROLINK STATION",CC0033,2,26,18:22:00,18:22:00,2
"TO LAMBERT AIRPORT TERMINAL #1","CONVENTION CENTER METROLINK STATION",CC0033,2,14,18:30:00,18:30:00,2
"TO FAIRVIEW HEIGHTS","CONVENTION CENTER METROLINK STATION",333399,2,26,18:32:00,18:32:00,2
"TO SHREWSBURY LANSDOWNE I-44","CONVENTION CENTER METROLINK STATION",333399,2,14,18:40:00,18:40:00,2
"TO SHILOH SCOTT","CONVENTION CENTER METROLINK STATION",CC0033,2,26,18:42:00,18:42:00,2
"TO LAMBERT AIRPORT TERMINAL #1","CONVENTION CENTER METROLINK STATION",CC0033,2,14,18:50:00,18:50:00,2
"TO FAIRVIEW HEIGHTS","CONVENTION CENTER METROLINK STATION",333399,2,26,18:52:00,18:52:00,2
"TO SHREWSBURY LANSDOWNE I-44","CONVENTION CENTER METROLINK STATION",333399,2,14,19:00:00,19:00:00,2
"TO SHILOH SCOTT","CONVENTION CENTER METROLINK STATION",CC0033,2,26,19:02:00,19:02:00,2
"TO LAMBERT AIRPORT TERMINAL #1","CONVENTION CENTER METROLINK STATION",CC0033,2,14,19:10:00,19:10:00,2
"TO FAIRVIEW HEIGHTS","CONVENTION CENTER METROLINK STATION",333399,2,26,19:12:00,19:12:00,2
"TO SHREWSBURY LANSDOWNE I-44","CONVENTION CENTER METROLINK STATION",333399,2,14,19:20:00,19:20:00,2
"TO SHILOH SCOTT","CONVENTION CENTER METROLINK STATION",CC0033,2,26,19:22:00,19:22:00,2
"TO LAMBERT AIRPORT TERMINAL #1","CONVENTION CENTER METROLINK STATION",CC0033,2,14,19:30:00,19:30:00,2
"TO FAIRVIEW HEIGHTS","CONVENTION CENTER METROLINK STATION",333399,2,26,19:32:00,19:32:00,2
"TO SHREWSBURY LANSDOWNE I-44","CONVENTION CENTER METROLINK STATION",333399,2,14,19:40:00,19:40:00,2
"TO SHILOH SCOTT","CONVENTION CENTER METROLINK STATION",CC0033,2,26,19:42:00,19:42:00,2
"TO LAMBERT AIRPORT TERMINAL #1","CONVENTION CENTER METROLINK STATION",CC0033,2,14,19:50:00,19:50:00,2
"TO FAIRVIEW HEIGHTS","CONVENTION CENTER METROLINK STATION",333399,2,26,19:52:00,19:52:00,2
"TO SHREWSBURY LANSDOWNE I-44","CONVENTION CENTER METROLINK STATION",333399,2,14,20:00:00,20:00:00,2
"TO SHILOH SCOTT","CONVENTION CENTER METROLINK STATION",CC0033,2,26,20:02:00,20:02:00,2
"TO LAMBERT AIRPORT TERMINAL #1","CONVENTION CENTER METROLINK STATION",CC0033,2,14,20:10:00,20:10:00,2
"TO FAIRVIEW HEIGHTS","CONVENTION CENTER METROLINK STATION",333399,2,26,20:12:00,20:12:00,2
"TO SHREWSBURY LANSDOWNE I-44","CONVENTION CENTER METROLINK STATION",333399,2,14,20:20:00,20:20:00,2
"TO SHILOH SCOTT","CONVENTION CENTER METROLINK STATION",CC0033,2,26,20:22:00,20:22:00,2
"TO LAMBERT AIRPORT TERMINAL #1","CONVENTION CENTER METROLINK STATION",CC0033,2,14,20:30:00,20:30:00,2
"TO FAIRVIEW HEIGHTS","CONVENTION CENTER METROLINK STATION",333399,2,26,20:32:00,20:32:00,2
"TO SHREWSBURY LANSDOWNE I-44","CONVENTION CENTER METROLINK STATION",333399,2,14,20:40:00,20:40:00,2
"TO SHILOH SCOTT","CONVENTION CENTER METROLINK STATION",CC0033,2,26,20:42:00,20:42:00,2
"TO LAMBERT AIRPORT TERMINAL #1","CONVENTION CENTER METROLINK STATION",CC0033,2,14,20:50:00,20:50:00,2
"TO FAIRVIEW HEIGHTS","CONVENTION CENTER METROLINK STATION",333399,2,26,20:52:00,20:52:00,2
"TO SHREWSBURY LANSDOWNE I-44","CONVENTION CENTER METROLINK STATION",333399,2,14,21:00:00,21:00:00,2
"TO SHILOH SCOTT","CONVENTION CENTER METROLINK STATION",CC0033,2,26,21:02:00,21:02:00,2
"TO LAMBERT AIRPORT TERMINAL #1","CONVENTION CENTER METROLINK STATION",CC0033,2,14,21:10:00,21:10:00,2
"TO FAIRVIEW HEIGHTS","CONVENTION CENTER METROLINK STATION",333399,2,26,21:12:00,21:12:00,2
"TO SHREWSBURY LANSDOWNE I-44","CONVENTION CENTER METROLINK STATION",333399,2,14,21:20:00,21:20:00,2
"TO SHILOH SCOTT","CONVENTION CENTER METROLINK STATION",CC0033,2,26,21:22:00,21:22:00,2
"TO LAMBERT AIRPORT TERMINAL #1","CONVENTION CENTER METROLINK STATION",CC0033,2,14,21:30:00,21:30:00,2
"TO FAIRVIEW HEIGHTS","CONVENTION CENTER METROLINK STATION",333399,2,26,21:32:00,21:32:00,2
"TO SHREWSBURY LANSDOWNE I-44","CONVENTION CENTER METROLINK STATION",333399,2,14,21:40:00,21:40:00,2
"TO SHILOH SCOTT","CONVENTION CENTER METROLINK STATION",CC0033,2,26,21:42:00,21:42:00,2
"TO LAMBERT AIRPORT TERMINAL #1","CONVENTION CENTER METROLINK STATION",CC0033,2,14,21:50:00,21:50:00,2
"TO FAIRVIEW HEIGHTS","CONVENTION CENTER METROLINK STATION",333399,2,26,21:52:00,21:52:00,2
"TO SHREWSBURY LANSDOWNE I-44","CONVENTION CENTER METROLINK STATION",333399,2,14,22:00:00,22:00:00,2
"TO SHILOH SCOTT","CONVENTION CENTER METROLINK STATION",CC0033,2,26,22:02:00,22:02:00,2
"TO LAMBERT AIRPORT TERMINAL #1","CONVENTION CENTER METROLINK STATION",CC0033,2,14,22:10:00,22:10:00,2
"TO FAIRVIEW HEIGHTS","CONVENTION CENTER METROLINK STATION",333399,2,26,22:12:00,22:12:00,2
"TO SHREWSBURY LANSDOWNE I-44","CONVENTION CENTER METROLINK STATION",333399,2,14,22:20:00,22:20:00,2
"TO SHILOH SCOTT","CONVENTION CENTER METROLINK STATION",CC0033,2,26,22:22:00,22:22:00,2
"TO LAMBERT AIRPORT TERMINAL #1","CONVENTION CENTER METROLINK STATION",CC0033,2,14,22:30:00,22:30:00,2
"TO FAIRVIEW HEIGHTS","CONVENTION CENTER METROLINK STATION",333399,2,26,22:32:00,22:32:00,2
"TO SHREWSBURY LANSDOWNE I-44","CONVENTION CENTER METROLINK STATION",333399,2,14,22:40:00,22:40:00,2
"TO SHILOH SCOTT","CONVENTION CENTER METROLINK STATION",CC0033,2,26,22:42:00,22:42:00,2
"TO LAMBERT AIRPORT TERMINAL #1","CONVENTION CENTER METROLINK STATION",CC0033,2,14,22:50:00,22:50:00,2
"TO FAIRVIEW HEIGHTS","CONVENTION CENTER METROLINK STATION",333399,2,26,22:52:00,22:52:00,2
"TO SHREWSBURY LANSDOWNE I-44","CONVENTION CENTER METROLINK STATION",333399,2,14,22:59:00,22:59:00,2
"TO SHILOH SCOTT","CONVENTION CENTER METROLINK STATION",CC0033,2,26,23:02:00,23:02:00,2
"TO LAMBERT AIRPORT TERMINAL #1","CONVENTION CENTER METROLINK STATION",CC0033,2,14,23:10:00,23:10:00,2
"TO FAIRVIEW HEIGHTS","CONVENTION CENTER METROLINK STATION",333399,2,26,23:12:00,23:12:00,2
"TO SHREWSBURY LANSDOWNE I-44","CONVENTION CENTER METROLINK STATION",333399,2,14,23:19:00,23:19:00,2
"TO SHILOH SCOTT","CONVENTION CENTER METROLINK STATION",CC0033,2,26,23:22:00,23:22:00,2
"TO FAIRVIEW HEIGHTS","CONVENTION CENTER METROLINK STATION",333399,2,26,23:32:00,23:32:00,2
"TO LAMBERT AIRPORT TERMINAL #1","CONVENTION CENTER METROLINK STATION",CC0033,2,14,23:39:00,23:39:00,2
"TO SHILOH SCOTT","CONVENTION CENTER METROLINK STATION",CC0033,2,26,23:42:00,23:42:00,2
"TO EMERSON PARK","CONVENTION CENTER METROLINK STATION",333399,2,26,23:47:00,23:47:00,2
"TO FAIRVIEW HEIGHTS","CONVENTION CENTER METROLINK STATION",CC0033,2,26,23:56:00,23:56:00,2
"TO SHREWSBURY LANSDOWNE I-44","CONVENTION CENTER METROLINK STATION",333399,2,14,23:59:00,23:59:00,2
"TO EMERSON PARK","CONVENTION CENTER METROLINK STATION",333399,2,26,24:02:00,24:02:00,2
"TO LAMBERT AIRPORT TERMINAL #1","CONVENTION CENTER METROLINK STATION",CC0033,2,14,24:09:00,24:09:00,2
"TO FAIRVIEW HEIGHTS","CONVENTION CENTER METROLINK STATION",CC0033,2,26,24:16:00,24:16:00,2
"TO FAIRVIEW HEIGHTS","CONVENTION CENTER METROLINK STATION",333399,2,26,24:28:00,24:28:00,2
"TO FAIRVIEW HEIGHTS","CONVENTION CENTER METROLINK STATION",CC0033,2,26,24:43:00,24:43:00,2
