"RED LINE TO LAMBERT AIRPORT TERMINAL #1","EMERSON PARK METROLINK STATION",CC0033,2,10,04:07:00,04:07:00,1
"BLUE LINE TO SHREWSBURY LANSDOWNE I-44","EMERSON PARK METROLINK STATION",333399,2,10,04:26:00,04:26:00,1
"RED LINE TO LAMBERT AIRPORT TERMINAL #1","EMERSON PARK METROLINK STATION",CC0033,2,10,04:31:00,04:31:00,1
"BLUE LINE TO SHREWSBURY LANSDOWNE I-44","EMERSON PARK METROLINK STATION",333399,2,10,04:39:00,04:39:00,1
"RED LINE TO LAMBERT AIRPORT TERMINAL #1","EMERSON PARK METROLINK STATION",CC0033,2,10,04:47:00,04:47:00,1
"RED LINE TO SHILOH SCOTT","EMERSON PARK METROLINK STATION",CC0033,2,31,04:51:00,04:51:00,1
"BLUE LINE TO SHREWSBURY LANSDOWNE I-44","EMERSON PARK METROLINK STATION",333399,2,10,04:56:00,04:56:00,1
"RED LINE TO SHILOH SCOTT","EMERSON PARK METROLINK STATION",CC0033,2,31,04:59:00,04:59:00,1
"RED LINE TO LAMBERT AIRPORT TERMINAL #1","EMERSON PARK METROLINK STATION",CC0033,2,10,05:04:00,05:04:00,1
"RED LINE TO SHILOH SCOTT","EMERSON PARK METROLINK STATION",CC0033,2,31,05:05:00,05:05:00,1
"BLUE LINE TO FAIRVIEW HEIGHTS","EMERSON PARK METROLINK STATION",333399,2,31,05:15:00,05:15:00,1
"BLUE LINE TO SHREWSBURY LANSDOWNE I-44","EMERSON PARK METROLINK STATION",333399,2,10,05:16:00,05:16:00,1
"RED LINE TO LAMBERT AIRPORT TERMINAL #1","EMERSON PARK METROLINK STATION",CC0033,2,10,05:23:00,05:23:00,1
"RED LINE TO SHILOH SCOTT","EMERSON PARK METROLINK STATION",CC0033,2,31,05:25:00,05:25:00,1
"BLUE LINE TO FAIRVIEW HEIGHTS","EMERSON PARK METROLINK STATION",333399,2,31,05:35:00,05:35:00,1
"BLUE LINE TO SHREWSBURY LANSDOWNE I-44","EMERSON PARK METROLINK STATION",333399,2,10,05:39:00,05:39:00,1
"RED LINE TO LAMBERT AIRPORT TERMINAL #1","EMERSON PARK METROLINK STATION",CC0033,2,10,05:44:00,05:44:00,1
"RED LINE TO SHILOH SCOTT","EMERSON PARK METROLINK STATION",CC0033,2,31,05:45:00,05:45:00,1
"BLUE LINE TO SHREWSBURY LANSDOWNE I-44","EMERSON PARK METROLINK STATION",333399,2,10,05:53:00,05:53:00,1
"BLUE LINE TO FAIRVIEW HEIGHTS","EMERSON PARK METROLINK STATION",333399,2,31,05:55:00,05:55:00,1
"RED LINE TO LAMBERT AIRPORT TERMINAL #1","EMERSON PARK METROLINK STATION",CC0033,2,10,05:58:00,05:58:00,1
"BLUE LINE TO SHREWSBURY LANSDOWNE I-44","EMERSON PARK METROLINK STATION",333399,2,10,06:04:00,06:04:00,1
"RED LINE TO SHILOH SCOTT","EMERSON PARK METROLINK STATION",CC0033,2,31,06:05:00,06:05:00,1
"RED LINE TO LAMBERT AIRPORT TERMINAL #1","EMERSON PARK METROLINK STATION",CC0033,2,10,06:10:00,06:10:00,1
"BLUE LINE TO FAIRVIEW HEIGHTS","EMERSON PARK METROLINK STATION",333399,2,31,06:15:00,06:15:00,1
"BLUE LINE TO SHREWSBURY LANSDOWNE I-44","EMERSON PARK METROLINK STATION",333399,2,10,06:16:00,06:16:00,1
"RED LINE TO LAMBERT AIRPORT TERMINAL #1","EMERSON PARK METROLINK STATION",CC0033,2,10,06:22:00,06:22:00,1
"RED LINE TO SHILOH SCOTT","EMERSON PARK METROLINK STATION",CC0033,2,31,06:27:00,06:27:00,1
"BLUE LINE TO SHREWSBURY LANSDOWNE I-44","EMERSON PARK METROLINK STATION",333399,2,10,06:28:00,06:28:00,1
"BLUE LINE TO FAIRVIEW HEIGHTS","EMERSON PARK METROLINK STATION",333399,2,31,06:33:00,06:33:00,1
"RED LINE TO LAMBERT AIRPORT TERMINAL #1","EMERSON PARK METROLINK STATION",CC0033,2,10,06:34:00,06:34:00,1
"RED LINE TO SHILOH SCOTT","EMERSON PARK METROLINK STATION",CC0033,2,31,06:39:00,06:39:00,1
"BLUE LINE TO SHREWSBURY LANSDOWNE I-44","EMERSON PARK METROLINK STATION",333399,2,10,06:40:00,06:40:00,1
"BLUE LINE TO FAIRVIEW HEIGHTS","EMERSON PARK METROLINK STATION",333399,2,31,06:45:00,06:45:00,1
"RED LINE TO LAMBERT AIRPORT TERMINAL #1","EMERSON PARK METROLINK STATION",CC0033,2,10,06:46:00,06:46:00,1
"RED LINE TO SHILOH SCOTT","EMERSON PARK METROLINK STATION",CC0033,2,31,06:52:00,06:52:00,1
"BLUE LINE TO SHREWSBURY LANSDOWNE I-44","EMERSON PARK METROLINK STATION",333399,2,10,06:52:00,06:52:00,1
"BLUE LINE TO FAIRVIEW HEIGHTS","EMERSON PARK METROLINK STATION",333399,2,31,06:57:00,06:57:00,1
"RED LINE TO LAMBERT AIRPORT TERMINAL #1","EMERSON PARK METROLINK STATION",CC0033,2,10,06:58:00,06:58:00,1
"RED LINE TO SHILOH SCOTT","EMERSON PARK METROLINK STATION",CC0033,2,31,07:03:00,07:03:00,1
"BLUE LINE TO SHREWSBURY LANSDOWNE I-44","EMERSON PARK METROLINK STATION",333399,2,10,07:04:00,07:04:00,1
"BLUE LINE TO FAIRVIEW HEIGHTS","EMERSON PARK METROLINK STATION",333399,2,31,07:09:00,07:09:00,1
"RED LINE TO LAMBERT AIRPORT TERMINAL #1","EMERSON PARK METROLINK STATION",CC0033,2,10,07:10:00,07:10:00,1
"RED LINE TO SHILOH SCOTT","EMERSON PARK METROLINK STATION",CC0033,2,31,07:15:00,07:15:00,1
"BLUE LINE TO SHREWSBURY LANSDOWNE I-44","EMERSON PARK METROLINK STATION",333399,2,10,07:16:00,07:16:00,1
"BLUE LINE TO FAIRVIEW HEIGHTS","EMERSON PARK METROLINK STATION",333399,2,31,07:21:00,07:21:00,1
"RED LINE TO LAMBERT AIRPORT TERMINAL #1","EMERSON PARK METROLINK STATION",CC0033,2,10,07:22:00,07:22:00,1
"RED LINE TO SHILOH SCOTT","EMERSON PARK METROLINK STATION",CC0033,2,31,07:27:00,07:27:00,1
"BLUE LINE TO SHREWSBURY LANSDOWNE I-44","EMERSON PARK METROLINK STATION",333399,2,10,07:28:00,07:28:00,1
"BLUE LINE TO FAIRVIEW HEIGHTS","EMERSON PARK METROLINK STATION",333399,2,31,07:33:00,07:33:00,1
"RED LINE TO LAMBERT AIRPORT TERMINAL #1","EMERSON PARK METROLINK STATION",CC0033,2,10,07:34:00,07:34:00,1
"RED LINE TO SHILOH SCOTT","EMERSON PARK METROLINK STATION",CC0033,2,31,07:39:00,07:39:00,1
"BLUE LINE TO SHREWSBURY LANSDOWNE I-44","EMERSON PARK METROLINK STATION",333399,2,10,07:40:00,07:40:00,1
"BLUE LINE TO FAIRVIEW HEIGHTS","EMERSON PARK METROLINK STATION",333399,2,31,07:45:00,07:45:00,1
"RED LINE TO LAMBERT AIRPORT TERMINAL #1","EMERSON PARK METROLINK STATION",CC0033,2,10,07:46:00,07:46:00,1
"RED LINE TO SHILOH SCOTT","EMERSON PARK METROLINK STATION",CC0033,2,31,07:51:00,07:51:00,1
"BLUE LINE TO SHREWSBURY LANSDOWNE I-44","EMERSON PARK METROLINK STATION",333399,2,10,07:52:00,07:52:00,1
"BLUE LINE TO FAIRVIEW HEIGHTS","EMERSON PARK METROLINK STATION",333399,2,31,07:57:00,07:57:00,1
"RED LINE TO LAMBERT AIRPORT TERMINAL #1","EMERSON PARK METROLINK STATION",CC0033,2,10,07:58:00,07:58:00,1
"RED LINE TO SHILOH SCOTT","EMERSON PARK METROLINK STATION",CC0033,2,31,08:03:00,08:03:00,1
"BLUE LINE TO SHREWSBURY LANSDOWNE I-44","EMERSON PARK METROLINK STATION",333399,2,10,08:04:00,08:04:00,1
"BLUE LINE TO FAIRVIEW HEIGHTS","EMERSON PARK METROLINK STATION",333399,2,31,08:09:00,08:09:00,1
"RED LINE TO LAMBERT AIRPORT TERMINAL #1","EMERSON PARK METROLINK STATION",CC0033,2,10,08:09:00,08:09:00,1
"RED LINE TO SHILOH SCOTT","EMERSON PARK METROLINK STATION",CC0033,2,31,08:15:00,08:15:00,1
"BLUE LINE TO SHREWSBURY LANSDOWNE I-44","EMERSON PARK METROLINK STATION",333399,2,10,08:16:00,08:16:00,1
"BLUE LINE TO FAIRVIEW HEIGHTS","EMERSON PARK METROLINK STATION",333399,2,31,08:21:00,08:21:00,1
"RED LINE TO LAMBERT AIRPORT TERMINAL #1","EMERSON PARK METROLINK STATION",CC0033,2,10,08:22:00,08:22:00,1
"RED LINE TO SHILOH SCOTT","EMERSON PARK METROLINK STATION",CC0033,2,31,08:27:00,08:27:00,1
"BLUE LINE TO SHREWSBURY LANSDOWNE I-44","EMERSON PARK METROLINK STATION",333399,2,10,08:28:00,08:28:00,1
"RED LINE TO LAMBERT AIRPORT TERMINAL #1","EMERSON PARK METROLINK STATION",CC0033,2,10,08:34:00,08:34:00,1
"RED LINE TO SHILOH SCOTT","EMERSON PARK METROLINK STATION",CC0033,2,31,08:39:00,08:39:00,1
"BLUE LINE TO SHREWSBURY LANSDOWNE I-44","EMERSON PARK METROLINK STATION",333399,2,10,08:40:00,08:40:00,1
"BLUE LINE TO FAIRVIEW HEIGHTS","EMERSON PARK METROLINK STATION",333399,2,31,08:45:00,08:45:00,1
"RED LINE TO LAMBERT AIRPORT TERMINAL #1","EMERSON PARK METROLINK STATION",CC0033,2,10,08:45:00,08:45:00,1
"RED LINE TO SHILOH SCOTT","EMERSON PARK METROLINK STATION",CC0033,2,31,08:51:00,08:51:00,1
"BLUE LINE TO SHREWSBURY LANSDOWNE I-44","EMERSON PARK METROLINK STATION",333399,2,10,08:52:00,08:52:00,1
"BLUE LINE TO FAIRVIEW HEIGHTS","EMERSON PARK METROLINK STATION",333399,2,31,08:57:00,08:57:00,1
"RED LINE TO LAMBERT AIRPORT TERMINAL #1","EMERSON PARK METROLINK STATION",CC0033,2,10,09:01:00,09:01:00,1
"RED LINE TO SHILOH SCOTT","EMERSON PARK METROLINK STATION",CC0033,2,31,09:03:00,09:03:00,1
"BLUE LINE TO SHREWSBURY LANSDOWNE I-44","EMERSON PARK METROLINK STATION",333399,2,10,09:12:00,09:12:00,1
"RED LINE TO SHILOH SCOTT","EMERSON PARK METROLINK STATION",CC0033,2,31,09:15:00,09:15:00,1
"BLUE LINE TO FAIRVIEW HEIGHTS","EMERSON PARK METROLINK STATION",333399,2,31,09:21:00,09:21:00,1
"RED LINE TO LAMBERT AIRPORT TERMINAL #1","EMERSON PARK METROLINK STATION",CC0033,2,10,09:22:00,09:22:00,1
"RED LINE TO SHILOH SCOTT","EMERSON PARK METROLINK STATION",CC0033,2,31,09:32:00,09:32:00,1
"BLUE LINE TO SHREWSBURY LANSDOWNE I-44","EMERSON PARK METROLINK STATION",333399,2,10,09:32:00,09:32:00,1
"BLUE LINE TO FAIRVIEW HEIGHTS","EMERSON PARK METROLINK STATION",333399,2,31,09:42:00,09:42:00,1
"RED LINE TO LAMBERT AIRPORT TERMINAL #1","EMERSON PARK METROLINK STATION",CC0033,2,10,09:42:00,09:42:00,1
"RED LINE TO SHILOH SCOTT","EMERSON PARK METROLINK STATION",CC0033,2,31,09:52:00,09:52:00,1
"BLUE LINE TO SHREWSBURY LANSDOWNE I-44","EMERSON PARK METROLINK STATION",333399,2,10,09:52:00,09:52:00,1
"BLUE LINE TO FAIRVIEW HEIGHTS","EMERSON PARK METROLINK STATION",333399,2,31,09:57:00,09:57:00,1
"RED LINE TO LAMBERT AIRPORT TERMINAL #1","EMERSON PARK METROLINK STATION",CC0033,2,10,10:02:00,10:02:00,1
"RED LINE TO SHILOH SCOTT","EMERSON PARK METROLINK STATION",CC0033,2,31,10:03:00,10:03:00,1
"BLUE LINE TO FAIRVIEW HEIGHTS","EMERSON PARK METROLINK STATION",333399,2,31,10:10:00,10:10:00,1
"BLUE LINE TO SHREWSBURY LANSDOWNE I-44","EMERSON PARK METROLINK STATION",333399,2,10,10:12:00,10:12:00,1
"RED LINE TO SHILOH SCOTT","EMERSON PARK METROLINK STATION",CC0033,2,31,10:20:00,10:20:00,1
"RED LINE TO LAMBERT AIRPORT TERMINAL #1","EMERSON PARK METROLINK STATION",CC0033,2,10,10:22:00,10:22:00,1
"BLUE LINE TO FAIRVIEW HEIGHTS","EMERSON PARK METROLINK STATION",333399,2,31,10:30:00,10:30:00,1
"BLUE LINE TO SHREWSBURY LANSDOWNE I-44","EMERSON PARK METROLINK STATION",333399,2,10,10:32:00,10:32:00,1
"RED LINE TO SHILOH SCOTT","EMERSON PARK METROLINK STATION",CC0033,2,31,10:40:00,10:40:00,1
"RED LINE TO LAMBERT AIRPORT TERMINAL #1","EMERSON PARK METROLINK STATION",CC0033,2,10,10:42:00,10:42:00,1
"BLUE LINE TO FAIRVIEW HEIGHTS","EMERSON PARK METROLINK STATION",333399,2,31,10:50:00,10:50:00,1
"BLUE LINE TO SHREWSBURY LANSDOWNE I-44","EMERSON PARK METROLINK STATION",333399,2,10,10:52:00,10:52:00,1
"RED LINE TO SHILOH SCOTT","EMERSON PARK METROLINK STATION",CC0033,2,31,11:00:00,11:00:00,1
"RED LINE TO LAMBERT AIRPORT TERMINAL #1","EMERSON PARK METROLINK STATION",CC0033,2,10,11:02:00,11:02:00,1
"BLUE LINE TO FAIRVIEW HEIGHTS","EMERSON PARK METROLINK STATION",333399,2,31,11:10:00,11:10:00,1
"BLUE LINE TO SHREWSBURY LANSDOWNE I-44","EMERSON PARK METROLINK STATION",333399,2,10,11:12:00,11:12:00,1
"RED LINE TO SHILOH SCOTT","EMERSON PARK METROLINK STATION",CC0033,2,31,11:20:00,11:20:00,1
"RED LINE TO LAMBERT AIRPORT TERMINAL #1","EMERSON PARK METROLINK STATION",CC0033,2,10,11:22:00,11:22:00,1
"BLUE LINE TO FAIRVIEW HEIGHTS","EMERSON PARK METROLINK STATION",333399,2,31,11:30:00,11:30:00,1
"BLUE LINE TO SHREWSBURY LANSDOWNE I-44","EMERSON PARK METROLINK STATION",333399,2,10,11:32:00,11:32:00,1
"RED LINE TO SHILOH SCOTT","EMERSON PARK METROLINK STATION",CC0033,2,31,11:40:00,11:40:00,1
"RED LINE TO LAMBERT AIRPORT TERMINAL #1","EMERSON PARK METROLINK STATION",CC0033,2,10,11:42:00,11:42:00,1
"BLUE LINE TO FAIRVIEW HEIGHTS","EMERSON PARK METROLINK STATION",333399,2,31,11:50:00,11:50:00,1
"BLUE LINE TO SHREWSBURY LANSDOWNE I-44","EMERSON PARK METROLINK STATION",333399,2,10,11:52:00,11:52:00,1
"RED LINE TO SHILOH SCOTT","EMERSON PARK METROLINK STATION",CC0033,2,31,12:00:00,12:00:00,1
"RED LINE TO LAMBERT AIRPORT TERMINAL #1","EMERSON PARK METROLINK STATION",CC0033,2,10,12:02:00,12:02:00,1
"BLUE LINE TO FAIRVIEW HEIGHTS","EMERSON PARK METROLINK STATION",333399,2,31,12:10:00,12:10:00,1
"BLUE LINE TO SHREWSBURY LANSDOWNE I-44","EMERSON PARK METROLINK STATION",333399,2,10,12:12:00,12:12:00,1
"RED LINE TO SHILOH SCOTT","EMERSON PARK METROLINK STATION",CC0033,2,31,12:20:00,12:20:00,1
"RED LINE TO LAMBERT AIRPORT TERMINAL #1","EMERSON PARK METROLINK STATION",CC0033,2,10,12:22:00,12:22:00,1
"BLUE LINE TO FAIRVIEW HEIGHTS","EMERSON PARK METROLINK STATION",333399,2,31,12:30:00,12:30:00,1
"BLUE LINE TO SHREWSBURY LANSDOWNE I-44","EMERSON PARK METROLINK STATION",333399,2,10,12:32:00,12:32:00,1
"RED LINE TO SHILOH SCOTT","EMERSON PARK METROLINK STATION",CC0033,2,31,12:40:00,12:40:00,1
"RED LINE TO LAMBERT AIRPORT TERMINAL #1","EMERSON PARK METROLINK STATION",CC0033,2,10,12:42:00,12:42:00,1
"BLUE LINE TO FAIRVIEW HEIGHTS","EMERSON PARK METROLINK STATION",333399,2,31,12:50:00,12:50:00,1
"BLUE LINE TO SHREWSBURY LANSDOWNE I-44","EMERSON PARK METROLINK STATION",333399,2,10,12:52:00,12:52:00,1
"RED LINE TO SHILOH SCOTT","EMERSON PARK METROLINK STATION",CC0033,2,31,13:00:00,13:00:00,1
"RED LINE TO LAMBERT AIRPORT TERMINAL #1","EMERSON PARK METROLINK STATION",CC0033,2,10,13:02:00,13:02:00,1
"BLUE LINE TO FAIRVIEW HEIGHTS","EMERSON PARK METROLINK STATION",333399,2,31,13:10:00,13:10:00,1
"BLUE LINE TO SHREWSBURY LANSDOWNE I-44","EMERSON PARK METROLINK STATION",333399,2,10,13:12:00,13:12:00,1
"RED LINE TO SHILOH SCOTT","EMERSON PARK METROLINK STATION",CC0033,2,31,13:20:00,13:20:00,1
"RED LINE TO LAMBERT AIRPORT TERMINAL #1","EMERSON PARK METROLINK STATION",CC0033,2,10,13:22:00,13:22:00,1
"BLUE LINE TO FAIRVIEW HEIGHTS","EMERSON PARK METROLINK STATION",333399,2,31,13:30:00,13:30:00,1
"BLUE LINE TO SHREWSBURY LANSDOWNE I-44","EMERSON PARK METROLINK STATION",333399,2,10,13:32:00,13:32:00,1
"RED LINE TO SHILOH SCOTT","EMERSON PARK METROLINK STATION",CC0033,2,31,13:40:00,13:40:00,1
"RED LINE TO LAMBERT AIRPORT TERMINAL #1","EMERSON PARK METROLINK STATION",CC0033,2,10,13:42:00,13:42:00,1
"BLUE LINE TO FAIRVIEW HEIGHTS","EMERSON PARK METROLINK STATION",333399,2,31,13:50:00,13:50:00,1
"BLUE LINE TO SHREWSBURY LANSDOWNE I-44","EMERSON PARK METROLINK STATION",333399,2,10,13:52:00,13:52:00,1
"RED LINE TO SHILOH SCOTT","EMERSON PARK METROLINK STATION",CC0033,2,31,14:00:00,14:00:00,1
"RED LINE TO LAMBERT AIRPORT TERMINAL #1","EMERSON PARK METROLINK STATION",CC0033,2,10,14:02:00,14:02:00,1
"BLUE LINE TO FAIRVIEW HEIGHTS","EMERSON PARK METROLINK STATION",333399,2,31,14:10:00,14:10:00,1
"BLUE LINE TO SHREWSBURY LANSDOWNE I-44","EMERSON PARK METROLINK STATION",333399,2,10,14:12:00,14:12:00,1
"RED LINE TO LAMBERT AIRPORT TERMINAL #1","EMERSON PARK METROLINK STATION",CC0033,2,10,14:20:00,14:20:00,1
"RED LINE TO SHILOH SCOTT","EMERSON PARK METROLINK STATION",CC0033,2,31,14:22:00,14:22:00,1
"BLUE LINE TO FAIRVIEW HEIGHTS","EMERSON PARK METROLINK STATION",333399,2,31,14:30:00,14:30:00,1
"BLUE LINE TO SHREWSBURY LANSDOWNE I-44","EMERSON PARK METROLINK STATION",333399,2,10,14:30:00,14:30:00,1
"RED LINE TO SHILOH SCOTT","EMERSON PARK METROLINK STATION",CC0033,2,31,14:40:00,14:40:00,1
"RED LINE TO LAMBERT AIRPORT TERMINAL #1","EMERSON PARK METROLINK STATION",CC0033,2,10,14:45:00,14:45:00,1
"BLUE LINE TO FAIRVIEW HEIGHTS","EMERSON PARK METROLINK STATION",333399,2,31,14:50:00,14:50:00,1
"BLUE LINE TO SHREWSBURY LANSDOWNE I-44","EMERSON PARK METROLINK STATION",333399,2,10,14:50:00,14:50:00,1
"RED LINE TO LAMBERT AIRPORT TERMINAL #1","EMERSON PARK METROLINK STATION",CC0033,2,10,14:55:00,14:55:00,1
"BLUE LINE TO SHREWSBURY LANSDOWNE I-44","EMERSON PARK METROLINK STATION",333399,2,10,15:00:00,15:00:00,1
"RED LINE TO SHILOH SCOTT","EMERSON PARK METROLINK STATION",CC0033,2,31,15:02:00,15:02:00,1
"BLUE LINE TO SHREWSBURY LANSDOWNE I-44","EMERSON PARK METROLINK STATION",333399,2,10,15:05:00,15:05:00,1
"RED LINE TO LAMBERT AIRPORT TERMINAL #1","EMERSON PARK METROLINK STATION",CC0033,2,10,15:10:00,15:10:00,1
"BLUE LINE TO FAIRVIEW HEIGHTS","EMERSON PARK METROLINK STATION",333399,2,31,15:12:00,15:12:00,1
"RED LINE TO LAMBERT AIRPORT TERMINAL #1","EMERSON PARK METROLINK STATION",CC0033,2,10,15:21:00,15:21:00,1
"RED LINE TO SHILOH SCOTT","EMERSON PARK METROLINK STATION",CC0033,2,31,15:23:00,15:23:00,1
"BLUE LINE TO SHREWSBURY LANSDOWNE I-44","EMERSON PARK METROLINK STATION",333399,2,10,15:28:00,15:28:00,1
"BLUE LINE TO FAIRVIEW HEIGHTS","EMERSON PARK METROLINK STATION",333399,2,31,15:34:00,15:34:00,1
"RED LINE TO LAMBERT AIRPORT TERMINAL #1","EMERSON PARK METROLINK STATION",CC0033,2,10,15:34:00,15:34:00,1
"BLUE LINE TO SHREWSBURY LANSDOWNE I-44","EMERSON PARK METROLINK STATION",333399,2,10,15:40:00,15:40:00,1
"RED LINE TO SHILOH SCOTT","EMERSON PARK METROLINK STATION",CC0033,2,31,15:44:00,15:44:00,1
"RED LINE TO LAMBERT AIRPORT TERMINAL #1","EMERSON PARK METROLINK STATION",CC0033,2,10,15:46:00,15:46:00,1
"BLUE LINE TO SHREWSBURY LANSDOWNE I-44","EMERSON PARK METROLINK STATION",333399,2,10,15:52:00,15:52:00,1
"BLUE LINE TO FAIRVIEW HEIGHTS","EMERSON PARK METROLINK STATION",333399,2,31,15:57:00,15:57:00,1
"RED LINE TO LAMBERT AIRPORT TERMINAL #1","EMERSON PARK METROLINK STATION",CC0033,2,10,15:58:00,15:58:00,1
"RED LINE TO SHILOH SCOTT","EMERSON PARK METROLINK STATION",CC0033,2,31,16:03:00,16:03:00,1
"BLUE LINE TO SHREWSBURY LANSDOWNE I-44","EMERSON PARK METROLINK STATION",333399,2,10,16:04:00,16:04:00,1
"BLUE LINE TO FAIRVIEW HEIGHTS","EMERSON PARK METROLINK STATION",333399,2,31,16:09:00,16:09:00,1
"RED LINE TO LAMBERT AIRPORT TERMINAL #1","EMERSON PARK METROLINK STATION",CC0033,2,10,16:10:00,16:10:00,1
"RED LINE TO SHILOH SCOTT","EMERSON PARK METROLINK STATION",CC0033,2,31,16:15:00,16:15:00,1
"BLUE LINE TO SHREWSBURY LANSDOWNE I-44","EMERSON PARK METROLINK STATION",333399,2,10,16:16:00,16:16:00,1
"BLUE LINE TO FAIRVIEW HEIGHTS","EMERSON PARK METROLINK STATION",333399,2,31,16:21:00,16:21:00,1
"RED LINE TO LAMBERT AIRPORT TERMINAL #1","EMERSON PARK METROLINK STATION",CC0033,2,10,16:22:00,16:22:00,1
"RED LINE TO SHILOH SCOTT","EMERSON PARK METROLINK STATION",CC0033,2,31,16:27:00,16:27:00,1
"BLUE LINE TO SHREWSBURY LANSDOWNE I-44","EMERSON PARK METROLINK STATION",333399,2,10,16:28:00,16:28:00,1
"BLUE LINE TO FAIRVIEW HEIGHTS","EMERSON PARK METROLINK STATION",333399,2,31,16:33:00,16:33:00,1
"RED LINE TO LAMBERT AIRPORT TERMINAL #1","EMERSON PARK METROLINK STATION",CC0033,2,10,16:34:00,16:34:00,1
"RED LINE TO SHILOH SCOTT","EMERSON PARK METROLINK STATION",CC0033,2,31,16:39:00,16:39:00,1
"BLUE LINE TO SHREWSBURY LANSDOWNE I-44","EMERSON PARK METROLINK STATION",333399,2,10,16:40:00,16:40:00,1
"BLUE LINE TO FAIRVIEW HEIGHTS","EMERSON PARK METROLINK STATION",333399,2,31,16:45:00,16:45:00,1
"RED LINE TO LAMBERT AIRPORT TERMINAL #1","EMERSON PARK METROLINK STATION",CC0033,2,10,16:46:00,16:46:00,1
"RED LINE TO SHILOH SCOTT","EMERSON PARK METROLINK STATION",CC0033,2,31,16:51:00,16:51:00,1
"BLUE LINE TO SHREWSBURY LANSDOWNE I-44","EMERSON PARK METROLINK STATION",333399,2,10,16:52:00,16:52:00,1
"BLUE LINE TO FAIRVIEW HEIGHTS","EMERSON PARK METROLINK STATION",333399,2,31,16:57:00,16:57:00,1
"RED LINE TO LAMBERT AIRPORT TERMINAL #1","EMERSON PARK METROLINK STATION",CC0033,2,10,16:58:00,16:58:00,1
"RED LINE TO SHILOH SCOTT","EMERSON PARK METROLINK STATION",CC0033,2,31,17:03:00,17:03:00,1
"BLUE LINE TO SHREWSBURY LANSDOWNE I-44","EMERSON PARK METROLINK STATION",333399,2,10,17:04:00,17:04:00,1
"BLUE LINE TO FAIRVIEW HEIGHTS","EMERSON PARK METROLINK STATION",333399,2,31,17:09:00,17:09:00,1
"RED LINE TO LAMBERT AIRPORT TERMINAL #1","EMERSON PARK METROLINK STATION",CC0033,2,10,17:10:00,17:10:00,1
"RED LINE TO SHILOH SCOTT","EMERSON PARK METROLINK STATION",CC0033,2,31,17:15:00,17:15:00,1
"BLUE LINE TO SHREWSBURY LANSDOWNE I-44","EMERSON PARK METROLINK STATION",333399,2,10,17:16:00,17:16:00,1
"BLUE LINE TO FAIRVIEW HEIGHTS","EMERSON PARK METROLINK STATION",333399,2,31,17:21:00,17:21:00,1
"RED LINE TO LAMBERT AIRPORT TERMINAL #1","EMERSON PARK METROLINK STATION",CC0033,2,10,17:22:00,17:22:00,1
"RED LINE TO SHILOH SCOTT","EMERSON PARK METROLINK STATION",CC0033,2,31,17:27:00,17:27:00,1
"BLUE LINE TO SHREWSBURY LANSDOWNE I-44","EMERSON PARK METROLINK STATION",333399,2,10,17:28:00,17:28:00,1
"BLUE LINE TO FAIRVIEW HEIGHTS","EMERSON PARK METROLINK STATION",333399,2,31,17:33:00,17:33:00,1
"RED LINE TO LAMBERT AIRPORT TERMINAL #1","EMERSON PARK METROLINK STATION",CC0033,2,10,17:34:00,17:34:00,1
"RED LINE TO SHILOH SCOTT","EMERSON PARK METROLINK STATION",CC0033,2,31,17:39:00,17:39:00,1
"BLUE LINE TO SHREWSBURY LANSDOWNE I-44","EMERSON PARK METROLINK STATION",333399,2,10,17:40:00,17:40:00,1
"BLUE LINE TO FAIRVIEW HEIGHTS","EMERSON PARK METROLINK STATION",333399,2,31,17:45:00,17:45:00,1
"RED LINE TO LAMBERT AIRPORT TERMINAL #1","EMERSON PARK METROLINK STATION",CC0033,2,10,17:46:00,17:46:00,1
"RED LINE TO SHILOH SCOTT","EMERSON PARK METROLINK STATION",CC0033,2,31,17:51:00,17:51:00,1
"BLUE LINE TO SHREWSBURY LANSDOWNE I-44","EMERSON PARK METROLINK STATION",333399,2,10,17:52:00,17:52:00,1
"BLUE LINE TO FAIRVIEW HEIGHTS","EMERSON PARK METROLINK STATION",333399,2,31,17:57:00,17:57:00,1
"RED LINE TO LAMBERT AIRPORT TERMINAL #1","EMERSON PARK METROLINK STATION",CC0033,2,10,17:58:00,17:58:00,1
"RED LINE TO SHILOH SCOTT","EMERSON PARK METROLINK STATION",CC0033,2,31,18:03:00,18:03:00,1
"BLUE LINE TO SHREWSBURY LANSDOWNE I-44","EMERSON PARK METROLINK STATION",333399,2,10,18:04:00,18:04:00,1
"RED LINE TO LAMBERT AIRPORT TERMINAL #1","EMERSON PARK METROLINK STATION",CC0033,2,10,18:08:00,18:08:00,1
"BLUE LINE TO FAIRVIEW HEIGHTS","EMERSON PARK METROLINK STATION",333399,2,31,18:09:00,18:09:00,1
"RED LINE TO SHILOH SCOTT","EMERSON PARK METROLINK STATION",CC0033,2,31,18:15:00,18:15:00,1
"BLUE LINE TO SHREWSBURY LANSDOWNE I-44","EMERSON PARK METROLINK STATION",333399,2,10,18:17:00,18:17:00,1
"BLUE LINE TO FAIRVIEW HEIGHTS","EMERSON PARK METROLINK STATION",333399,2,31,18:21:00,18:21:00,1
"RED LINE TO SHILOH SCOTT","EMERSON PARK METROLINK STATION",CC0033,2,31,18:27:00,18:27:00,1
"RED LINE TO LAMBERT AIRPORT TERMINAL #1","EMERSON PARK METROLINK STATION",CC0033,2,10,18:27:00,18:27:00,1
"BLUE LINE TO SHREWSBURY LANSDOWNE I-44","EMERSON PARK METROLINK STATION",333399,2,10,18:37:00,18:37:00,1
"RED LINE TO SHILOH SCOTT","EMERSON PARK METROLINK STATION",CC0033,2,31,18:39:00,18:39:00,1
"RED LINE TO LAMBERT AIRPORT TERMINAL #1","EMERSON PARK METROLINK STATION",CC0033,2,10,18:42:00,18:42:00,1
"BLUE LINE TO FAIRVIEW HEIGHTS","EMERSON PARK METROLINK STATION",333399,2,31,18:45:00,18:45:00,1
"RED LINE TO SHILOH SCOTT","EMERSON PARK METROLINK STATION",CC0033,2,31,18:52:00,18:52:00,1
"BLUE LINE TO SHREWSBURY LANSDOWNE I-44","EMERSON PARK METROLINK STATION",333399,2,10,18:52:00,18:52:00,1
"BLUE LINE TO FAIRVIEW HEIGHTS","EMERSON PARK METROLINK STATION",333399,2,31,19:02:00,19:02:00,1
"RED LINE TO LAMBERT AIRPORT TERMINAL #1","EMERSON PARK METROLINK STATION",CC0033,2,10,19:02:00,19:02:00,1
"RED LINE TO SHILOH SCOTT","EMERSON PARK METROLINK STATION",CC0033,2,31,19:10:00,19:10:00,1
"BLUE LINE TO SHREWSBURY LANSDOWNE I-44","EMERSON PARK METROLINK STATION",333399,2,10,19:12:00,19:12:00,1
"BLUE LINE TO FAIRVIEW HEIGHTS","EMERSON PARK METROLINK STATION",333399,2,31,19:22:00,19:22:00,1
"RED LINE TO LAMBERT AIRPORT TERMINAL #1","EMERSON PARK METROLINK STATION",CC0033,2,10,19:22:00,19:22:00,1
"RED LINE TO SHILOH SCOTT","EMERSON PARK METROLINK STATION",CC0033,2,31,19:31:00,19:31:00,1
"BLUE LINE TO SHREWSBURY LANSDOWNE I-44","EMERSON PARK METROLINK STATION",333399,2,10,19:32:00,19:32:00,1
"BLUE LINE TO FAIRVIEW HEIGHTS","EMERSON PARK METROLINK STATION",333399,2,31,19:36:00,19:36:00,1
"RED LINE TO SHILOH SCOTT","EMERSON PARK METROLINK STATION",CC0033,2,31,19:41:00,19:41:00,1
"RED LINE TO LAMBERT AIRPORT TERMINAL #1","EMERSON PARK METROLINK STATION",CC0033,2,10,19:42:00,19:42:00,1
"BLUE LINE TO FAIRVIEW HEIGHTS","EMERSON PARK METROLINK STATION",333399,2,31,19:50:00,19:50:00,1
"BLUE LINE TO SHREWSBURY LANSDOWNE I-44","EMERSON PARK METROLINK STATION",333399,2,10,19:52:00,19:52:00,1
"RED LINE TO SHILOH SCOTT","EMERSON PARK METROLINK STATION",CC0033,2,31,20:00:00,20:00:00,1
"RED LINE TO LAMBERT AIRPORT TERMINAL #1","EMERSON PARK METROLINK STATION",CC0033,2,10,20:02:00,20:02:00,1
"BLUE LINE TO FAIRVIEW HEIGHTS","EMERSON PARK METROLINK STATION",333399,2,31,20:10:00,20:10:00,1
"BLUE LINE TO SHREWSBURY LANSDOWNE I-44","EMERSON PARK METROLINK STATION",333399,2,10,20:12:00,20:12:00,1
"RED LINE TO SHILOH SCOTT","EMERSON PARK METROLINK STATION",CC0033,2,31,20:20:00,20:20:00,1
"RED LINE TO LAMBERT AIRPORT TERMINAL #1","EMERSON PARK METROLINK STATION",CC0033,2,10,20:22:00,20:22:00,1
"BLUE LINE TO FAIRVIEW HEIGHTS","EMERSON PARK METROLINK STATION",333399,2,31,20:30:00,20:30:00,1
"BLUE LINE TO SHREWSBURY LANSDOWNE I-44","EMERSON PARK METROLINK STATION",333399,2,10,20:32:00,20:32:00,1
"RED LINE TO SHILOH SCOTT","EMERSON PARK METROLINK STATION",CC0033,2,31,20:40:00,20:40:00,1
"RED LINE TO LAMBERT AIRPORT TERMINAL #1","EMERSON PARK METROLINK STATION",CC0033,2,10,20:42:00,20:42:00,1
"BLUE LINE TO FAIRVIEW HEIGHTS","EMERSON PARK METROLINK STATION",333399,2,31,20:50:00,20:50:00,1
"BLUE LINE TO SHREWSBURY LANSDOWNE I-44","EMERSON PARK METROLINK STATION",333399,2,10,20:52:00,20:52:00,1
"RED LINE TO SHILOH SCOTT","EMERSON PARK METROLINK STATION",CC0033,2,31,21:00:00,21:00:00,1
"RED LINE TO LAMBERT AIRPORT TERMINAL #1","EMERSON PARK METROLINK STATION",CC0033,2,10,21:02:00,21:02:00,1
"BLUE LINE TO FAIRVIEW HEIGHTS","EMERSON PARK METROLINK STATION",333399,2,31,21:10:00,21:10:00,1
"BLUE LINE TO SHREWSBURY LANSDOWNE I-44","EMERSON PARK METROLINK STATION",333399,2,10,21:12:00,21:12:00,1
"RED LINE TO SHILOH SCOTT","EMERSON PARK METROLINK STATION",CC0033,2,31,21:20:00,21:20:00,1
"RED LINE TO LAMBERT AIRPORT TERMINAL #1","EMERSON PARK METROLINK STATION",CC0033,2,10,21:22:00,21:22:00,1
"BLUE LINE TO FAIRVIEW HEIGHTS","EMERSON PARK METROLINK STATION",333399,2,31,21:30:00,21:30:00,1
"BLUE LINE TO SHREWSBURY LANSDOWNE I-44","EMERSON PARK METROLINK STATION",333399,2,10,21:32:00,21:32:00,1
"RED LINE TO SHILOH SCOTT","EMERSON PARK METROLINK STATION",CC0033,2,31,21:40:00,21:40:00,1
"RED LINE TO LAMBERT AIRPORT TERMINAL #1","EMERSON PARK METROLINK STATION",CC0033,2,10,21:42:00,21:42:00,1
"BLUE LINE TO FAIRVIEW HEIGHTS","EMERSON PARK METROLINK STATION",333399,2,31,21:50:00,21:50:00,1
"BLUE LINE TO SHREWSBURY LANSDOWNE I-44","EMERSON PARK METROLINK STATION",333399,2,10,21:52:00,21:52:00,1
"RED LINE TO SHILOH SCOTT","EMERSON PARK METROLINK STATION",CC0033,2,31,22:00:00,22:00:00,1
"RED LINE TO LAMBERT AIRPORT TERMINAL #1","EMERSON PARK METROLINK STATION",CC0033,2,10,22:02:00,22:02:00,1
"BLUE LINE TO FAIRVIEW HEIGHTS","EMERSON PARK METROLINK STATION",333399,2,31,22:10:00,22:10:00,1
"BLUE LINE TO SHREWSBURY LANSDOWNE I-44","EMERSON PARK METROLINK STATION",333399,2,10,22:12:00,22:12:00,1
"RED LINE TO SHILOH SCOTT","EMERSON PARK METROLINK STATION",CC0033,2,31,22:20:00,22:20:00,1
"RED LINE TO LAMBERT AIRPORT TERMINAL #1","EMERSON PARK METROLINK STATION",CC0033,2,10,22:22:00,22:22:00,1
"BLUE LINE TO FAIRVIEW HEIGHTS","EMERSON PARK METROLINK STATION",333399,2,31,22:30:00,22:30:00,1
"BLUE LINE TO SHREWSBURY LANSDOWNE I-44","EMERSON PARK METROLINK STATION",333399,2,10,22:32:00,22:32:00,1
"RED LINE TO SHILOH SCOTT","EMERSON PARK METROLINK STATION",CC0033,2,31,22:40:00,22:40:00,1
"RED LINE TO LAMBERT AIRPORT TERMINAL #1","EMERSON PARK METROLINK STATION",CC0033,2,10,22:42:00,22:42:00,1
"BLUE LINE TO FAIRVIEW HEIGHTS","EMERSON PARK METROLINK STATION",333399,2,31,22:50:00,22:50:00,1
"BLUE LINE TO SHREWSBURY LANSDOWNE I-44","EMERSON PARK METROLINK STATION",333399,2,10,22:52:00,22:52:00,1
"RED LINE TO SHILOH SCOTT","EMERSON PARK METROLINK STATION",CC0033,2,31,23:00:00,23:00:00,1
"RED LINE TO LAMBERT AIRPORT TERMINAL #1","EMERSON PARK METROLINK STATION",CC0033,2,10,23:02:00,23:02:00,1
"BLUE LINE TO FAIRVIEW HEIGHTS","EMERSON PARK METROLINK STATION",333399,2,31,23:10:00,23:10:00,1
"BLUE LINE TO SHREWSBURY LANSDOWNE I-44","EMERSON PARK METROLINK STATION",333399,2,10,23:12:00,23:12:00,1
"RED LINE TO SHILOH SCOTT","EMERSON PARK METROLINK STATION",CC0033,2,31,23:20:00,23:20:00,1
"RED LINE TO LAMBERT AIRPORT TERMINAL #1","EMERSON PARK METROLINK STATION",CC0033,2,10,23:22:00,23:22:00,1
"BLUE LINE TO FAIRVIEW HEIGHTS","EMERSON PARK METROLINK STATION",333399,2,31,23:30:00,23:30:00,1
"RED LINE TO SHILOH SCOTT","EMERSON PARK METROLINK STATION",CC0033,2,31,23:40:00,23:40:00,1
"BLUE LINE TO SHREWSBURY LANSDOWNE I-44","EMERSON PARK METROLINK STATION",333399,2,10,23:51:00,23:51:00,1
"RED LINE TO SHILOH SCOTT","EMERSON PARK METROLINK STATION",CC0033,2,31,24:00:00,24:00:00,1
"RED LINE TO LAMBERT AIRPORT TERMINAL #1","EMERSON PARK METROLINK STATION",CC0033,2,10,24:01:00,24:01:00,1
"RED LINE TO FAIRVIEW HEIGHTS","EMERSON PARK METROLINK STATION",CC0033,2,31,24:20:00,24:20:00,1
"BLUE LINE TO FAIRVIEW HEIGHTS","EMERSON PARK METROLINK STATION",333399,2,31,24:30:00,24:30:00,1
"RED LINE TO FAIRVIEW HEIGHTS","EMERSON PARK METROLINK STATION",CC0033,2,31,24:40:00,24:40:00,1
