"RED LINE TO LAMBERT AIRPORT TERMINAL #1","FOREST PARK DEBALIVIERE METROLINK STATION",CC0033,2,23,04:26:00,04:26:00,1
"BLUE LINE TO SHREWSBURY LANSDOWNE I-44","FOREST PARK DEBALIVIERE METROLINK STATION",333399,2,23,04:36:00,04:36:00,1
"RED LINE TO LAMBERT AIRPORT TERMINAL #1","FOREST PARK DEBALIVIERE METROLINK STATION",CC0033,2,23,04:49:00,04:49:00,1
"BLUE LINE TO SHREWSBURY LANSDOWNE I-44","FOREST PARK DEBALIVIERE METROLINK STATION",333399,2,23,04:59:00,04:59:00,1
"RED LINE TO LAMBERT AIRPORT TERMINAL #1","FOREST PARK DEBALIVIERE METROLINK STATION",CC0033,2,23,05:04:00,05:04:00,1
"BLUE LINE TO SHREWSBURY LANSDOWNE I-44","FOREST PARK DEBALIVIERE METROLINK STATION",333399,2,23,05:08:00,05:08:00,1
"RED LINE TO SHILOH SCOTT","FOREST PARK DEBALIVIERE METROLINK STATION",CC0033,2,18,05:14:00,05:14:00,1
"RED LINE TO LAMBERT AIRPORT TERMINAL #1","FOREST PARK DEBALIVIERE METROLINK STATION",CC0033,2,23,05:22:00,05:22:00,1
"BLUE LINE TO FAIRVIEW HEIGHTS","FOREST PARK DEBALIVIERE METROLINK STATION",333399,2,18,05:25:00,05:25:00,1
"BLUE LINE TO SHREWSBURY LANSDOWNE I-44","FOREST PARK DEBALIVIERE METROLINK STATION",333399,2,23,05:27:00,05:27:00,1
"RED LINE TO SHILOH SCOTT","FOREST PARK DEBALIVIERE METROLINK STATION",CC0033,2,18,05:34:00,05:34:00,1
"RED LINE TO LAMBERT AIRPORT TERMINAL #1","FOREST PARK DEBALIVIERE METROLINK STATION",CC0033,2,23,05:38:00,05:38:00,1
"BLUE LINE TO FAIRVIEW HEIGHTS","FOREST PARK DEBALIVIERE METROLINK STATION",333399,2,18,05:45:00,05:45:00,1
"BLUE LINE TO SHREWSBURY LANSDOWNE I-44","FOREST PARK DEBALIVIERE METROLINK STATION",333399,2,23,05:47:00,05:47:00,1
"RED LINE TO SHILOH SCOTT","FOREST PARK DEBALIVIERE METROLINK STATION",CC0033,2,18,05:54:00,05:54:00,1
"RED LINE TO LAMBERT AIRPORT TERMINAL #1","FOREST PARK DEBALIVIERE METROLINK STATION",CC0033,2,23,05:58:00,05:58:00,1
"BLUE LINE TO FAIRVIEW HEIGHTS","FOREST PARK DEBALIVIERE METROLINK STATION",333399,2,18,06:05:00,06:05:00,1
"BLUE LINE TO SHREWSBURY LANSDOWNE I-44","FOREST PARK DEBALIVIERE METROLINK STATION",333399,2,23,06:07:00,06:07:00,1
"RED LINE TO SHILOH SCOTT","FOREST PARK DEBALIVIERE METROLINK STATION",CC0033,2,18,06:14:00,06:14:00,1
"RED LINE TO LAMBERT AIRPORT TERMINAL #1","FOREST PARK DEBALIVIERE METROLINK STATION",CC0033,2,23,06:18:00,06:18:00,1
"BLUE LINE TO FAIRVIEW HEIGHTS","FOREST PARK DEBALIVIERE METROLINK STATION",333399,2,18,06:25:00,06:25:00,1
"BLUE LINE TO SHREWSBURY LANSDOWNE I-44","FOREST PARK DEBALIVIERE METROLINK STATION",333399,2,23,06:27:00,06:27:00,1
"RED LINE TO SHILOH SCOTT","FOREST PARK DEBALIVIERE METROLINK STATION",CC0033,2,18,06:34:00,06:34:00,1
"RED LINE TO LAMBERT AIRPORT TERMINAL #1","FOREST PARK DEBALIVIERE METROLINK STATION",CC0033,2,23,06:38:00,06:38:00,1
"BLUE LINE TO FAIRVIEW HEIGHTS","FOREST PARK DEBALIVIERE METROLINK STATION",333399,2,18,06:45:00,06:45:00,1
"BLUE LINE TO SHREWSBURY LANSDOWNE I-44","FOREST PARK DEBALIVIERE METROLINK STATION",333399,2,23,06:47:00,06:47:00,1
"RED LINE TO SHILOH SCOTT","FOREST PARK DEBALIVIERE METROLINK STATION",CC0033,2,18,06:54:00,06:54:00,1
"RED LINE TO LAMBERT AIRPORT TERMINAL #1","FOREST PARK DEBALIVIERE METROLINK STATION",CC0033,2,23,06:58:00,06:58:00,1
"BLUE LINE TO FAIRVIEW HEIGHTS","FOREST PARK DEBALIVIERE METROLINK STATION",333399,2,18,07:05:00,07:05:00,1
"BLUE LINE TO SHREWSBURY LANSDOWNE I-44","FOREST PARK DEBALIVIERE METROLINK STATION",333399,2,23,07:07:00,07:07:00,1
"RED LINE TO SHILOH SCOTT","FOREST PARK DEBALIVIERE METROLINK STATION",CC0033,2,18,07:14:00,07:14:00,1
"RED LINE TO LAMBERT AIRPORT TERMINAL #1","FOREST PARK DEBALIVIERE METROLINK STATION",CC0033,2,23,07:18:00,07:18:00,1
"BLUE LINE TO FAIRVIEW HEIGHTS","FOREST PARK DEBALIVIERE METROLINK STATION",333399,2,18,07:25:00,07:25:00,1
"BLUE LINE TO SHREWSBURY LANSDOWNE I-44","FOREST PARK DEBALIVIERE METROLINK STATION",333399,2,23,07:27:00,07:27:00,1
"RED LINE TO SHILOH SCOTT","FOREST PARK DEBALIVIERE METROLINK STATION",CC0033,2,18,07:34:00,07:34:00,1
"RED LINE TO LAMBERT AIRPORT TERMINAL #1","FOREST PARK DEBALIVIERE METROLINK STATION",CC0033,2,23,07:38:00,07:38:00,1
"BLUE LINE TO FAIRVIEW HEIGHTS","FOREST PARK DEBALIVIERE METROLINK STATION",333399,2,18,07:45:00,07:45:00,1
"BLUE LINE TO SHREWSBURY LANSDOWNE I-44","FOREST PARK DEBALIVIERE METROLINK STATION",333399,2,23,07:47:00,07:47:00,1
"RED LINE TO SHILOH SCOTT","FOREST PARK DEBALIVIERE METROLINK STATION",CC0033,2,18,07:54:00,07:54:00,1
"RED LINE TO LAMBERT AIRPORT TERMINAL #1","FOREST PARK DEBALIVIERE METROLINK STATION",CC0033,2,23,07:58:00,07:58:00,1
"BLUE LINE TO FAIRVIEW HEIGHTS","FOREST PARK DEBALIVIERE METROLINK STATION",333399,2,18,08:05:00,08:05:00,1
"BLUE LINE TO SHREWSBURY LANSDOWNE I-44","FOREST PARK DEBALIVIERE METROLINK STATION",333399,2,23,08:07:00,08:07:00,1
"RED LINE TO SHILOH SCOTT","FOREST PARK DEBALIVIERE METROLINK STATION",CC0033,2,18,08:14:00,08:14:00,1
"RED LINE TO LAMBERT AIRPORT TERMINAL #1","FOREST PARK DEBALIVIERE METROLINK STATION",CC0033,2,23,08:18:00,08:18:00,1
"BLUE LINE TO FAIRVIEW HEIGHTS","FOREST PARK DEBALIVIERE METROLINK STATION",333399,2,18,08:25:00,08:25:00,1
"BLUE LINE TO SHREWSBURY LANSDOWNE I-44","FOREST PARK DEBALIVIERE METROLINK STATION",333399,2,23,08:27:00,08:27:00,1
"RED LINE TO SHILOH SCOTT","FOREST PARK DEBALIVIERE METROLINK STATION",CC0033,2,18,08:34:00,08:34:00,1
"RED LINE TO LAMBERT AIRPORT TERMINAL #1","FOREST PARK DEBALIVIERE METROLINK STATION",CC0033,2,23,08:38:00,08:38:00,1
"BLUE LINE TO FAIRVIEW HEIGHTS","FOREST PARK DEBALIVIERE METROLINK STATION",333399,2,18,08:45:00,08:45:00,1
"BLUE LINE TO SHREWSBURY LANSDOWNE I-44","FOREST PARK DEBALIVIERE METROLINK STATION",333399,2,23,08:47:00,08:47:00,1
"RED LINE TO SHILOH SCOTT","FOREST PARK DEBALIVIERE METROLINK STATION",CC0033,2,18,08:54:00,08:54:00,1
"RED LINE TO LAMBERT AIRPORT TERMINAL #1","FOREST PARK DEBALIVIERE METROLINK STATION",CC0033,2,23,08:58:00,08:58:00,1
"BLUE LINE TO FAIRVIEW HEIGHTS","FOREST PARK DEBALIVIERE METROLINK STATION",333399,2,18,09:05:00,09:05:00,1
"BLUE LINE TO SHREWSBURY LANSDOWNE I-44","FOREST PARK DEBALIVIERE METROLINK STATION",333399,2,23,09:07:00,09:07:00,1
"RED LINE TO SHILOH SCOTT","FOREST PARK DEBALIVIERE METROLINK STATION",CC0033,2,18,09:14:00,09:14:00,1
"RED LINE TO LAMBERT AIRPORT TERMINAL #1","FOREST PARK DEBALIVIERE METROLINK STATION",CC0033,2,23,09:18:00,09:18:00,1
"BLUE LINE TO FAIRVIEW HEIGHTS","FOREST PARK DEBALIVIERE METROLINK STATION",333399,2,18,09:25:00,09:25:00,1
"BLUE LINE TO SHREWSBURY LANSDOWNE I-44","FOREST PARK DEBALIVIERE METROLINK STATION",333399,2,23,09:27:00,09:27:00,1
"RED LINE TO SHILOH SCOTT","FOREST PARK DEBALIVIERE METROLINK STATION",CC0033,2,18,09:34:00,09:34:00,1
"RED LINE TO LAMBERT AIRPORT TERMINAL #1","FOREST PARK DEBALIVIERE METROLINK STATION",CC0033,2,23,09:38:00,09:38:00,1
"BLUE LINE TO FAIRVIEW HEIGHTS","FOREST PARK DEBALIVIERE METROLINK STATION",333399,2,18,09:45:00,09:45:00,1
"BLUE LINE TO SHREWSBURY LANSDOWNE I-44","FOREST PARK DEBALIVIERE METROLINK STATION",333399,2,23,09:47:00,09:47:00,1
"RED LINE TO SHILOH SCOTT","FOREST PARK DEBALIVIERE METROLINK STATION",CC0033,2,18,09:54:00,09:54:00,1
"RED LINE TO LAMBERT AIRPORT TERMINAL #1","FOREST PARK DEBALIVIERE METROLINK STATION",CC0033,2,23,09:58:00,09:58:00,1
"BLUE LINE TO FAIRVIEW HEIGHTS","FOREST PARK DEBALIVIERE METROLINK STATION",333399,2,18,10:05:00,10:05:00,1
"BLUE LINE TO SHREWSBURY LANSDOWNE I-44","FOREST PARK DEBALIVIERE METROLINK STATION",333399,2,23,10:07:00,10:07:00,1
"RED LINE TO SHILOH SCOTT","FOREST PARK DEBALIVIERE METROLINK STATION",CC0033,2,18,10:14:00,10:14:00,1
"RED LINE TO LAMBERT AIRPORT TERMINAL #1","FOREST PARK DEBALIVIERE METROLINK STATION",CC0033,2,23,10:18:00,10:18:00,1
"BLUE LINE TO FAIRVIEW HEIGHTS","FOREST PARK DEBALIVIERE METROLINK STATION",333399,2,18,10:25:00,10:25:00,1
"BLUE LINE TO SHREWSBURY LANSDOWNE I-44","FOREST PARK DEBALIVIERE METROLINK STATION",333399,2,23,10:27:00,10:27:00,1
"RED LINE TO SHILOH SCOTT","FOREST PARK DEBALIVIERE METROLINK STATION",CC0033,2,18,10:34:00,10:34:00,1
"RED LINE TO LAMBERT AIRPORT TERMINAL #1","FOREST PARK DEBALIVIERE METROLINK STATION",CC0033,2,23,10:38:00,10:38:00,1
"BLUE LINE TO FAIRVIEW HEIGHTS","FOREST PARK DEBALIVIERE METROLINK STATION",333399,2,18,10:45:00,10:45:00,1
"BLUE LINE TO SHREWSBURY LANSDOWNE I-44","FOREST PARK DEBALIVIERE METROLINK STATION",333399,2,23,10:47:00,10:47:00,1
"RED LINE TO SHILOH SCOTT","FOREST PARK DEBALIVIERE METROLINK STATION",CC0033,2,18,10:54:00,10:54:00,1
"RED LINE TO LAMBERT AIRPORT TERMINAL #1","FOREST PARK DEBALIVIERE METROLINK STATION",CC0033,2,23,10:58:00,10:58:00,1
"BLUE LINE TO FAIRVIEW HEIGHTS","FOREST PARK DEBALIVIERE METROLINK STATION",333399,2,18,11:05:00,11:05:00,1
"BLUE LINE TO SHREWSBURY LANSDOWNE I-44","FOREST PARK DEBALIVIERE METROLINK STATION",333399,2,23,11:07:00,11:07:00,1
"RED LINE TO SHILOH SCOTT","FOREST PARK DEBALIVIERE METROLINK STATION",CC0033,2,18,11:14:00,11:14:00,1
"RED LINE TO LAMBERT AIRPORT TERMINAL #1","FOREST PARK DEBALIVIERE METROLINK STATION",CC0033,2,23,11:18:00,11:18:00,1
"BLUE LINE TO FAIRVIEW HEIGHTS","FOREST PARK DEBALIVIERE METROLINK STATION",333399,2,18,11:25:00,11:25:00,1
"BLUE LINE TO SHREWSBURY LANSDOWNE I-44","FOREST PARK DEBALIVIERE METROLINK STATION",333399,2,23,11:27:00,11:27:00,1
"RED LINE TO SHILOH SCOTT","FOREST PARK DEBALIVIERE METROLINK STATION",CC0033,2,18,11:34:00,11:34:00,1
"RED LINE TO LAMBERT AIRPORT TERMINAL #1","FOREST PARK DEBALIVIERE METROLINK STATION",CC0033,2,23,11:38:00,11:38:00,1
"BLUE LINE TO FAIRVIEW HEIGHTS","FOREST PARK DEBALIVIERE METROLINK STATION",333399,2,18,11:45:00,11:45:00,1
"BLUE LINE TO SHREWSBURY LANSDOWNE I-44","FOREST PARK DEBALIVIERE METROLINK STATION",333399,2,23,11:47:00,11:47:00,1
"RED LINE TO SHILOH SCOTT","FOREST PARK DEBALIVIERE METROLINK STATION",CC0033,2,18,11:54:00,11:54:00,1
"RED LINE TO LAMBERT AIRPORT TERMINAL #1","FOREST PARK DEBALIVIERE METROLINK STATION",CC0033,2,23,11:58:00,11:58:00,1
"BLUE LINE TO FAIRVIEW HEIGHTS","FOREST PARK DEBALIVIERE METROLINK STATION",333399,2,18,12:05:00,12:05:00,1
"BLUE LINE TO SHREWSBURY LANSDOWNE I-44","FOREST PARK DEBALIVIERE METROLINK STATION",333399,2,23,12:07:00,12:07:00,1
"RED LINE TO SHILOH SCOTT","FOREST PARK DEBALIVIERE METROLINK STATION",CC0033,2,18,12:14:00,12:14:00,1
"RED LINE TO LAMBERT AIRPORT TERMINAL #1","FOREST PARK DEBALIVIERE METROLINK STATION",CC0033,2,23,12:18:00,12:18:00,1
"BLUE LINE TO FAIRVIEW HEIGHTS","FOREST PARK DEBALIVIERE METROLINK STATION",333399,2,18,12:25:00,12:25:00,1
"BLUE LINE TO SHREWSBURY LANSDOWNE I-44","FOREST PARK DEBALIVIERE METROLINK STATION",333399,2,23,12:27:00,12:27:00,1
"RED LINE TO SHILOH SCOTT","FOREST PARK DEBALIVIERE METROLINK STATION",CC0033,2,18,12:34:00,12:34:00,1
"RED LINE TO LAMBERT AIRPORT TERMINAL #1","FOREST PARK DEBALIVIERE METROLINK STATION",CC0033,2,23,12:38:00,12:38:00,1
"BLUE LINE TO FAIRVIEW HEIGHTS","FOREST PARK DEBALIVIERE METROLINK STATION",333399,2,18,12:45:00,12:45:00,1
"BLUE LINE TO SHREWSBURY LANSDOWNE I-44","FOREST PARK DEBALIVIERE METROLINK STATION",333399,2,23,12:47:00,12:47:00,1
"RED LINE TO SHILOH SCOTT","FOREST PARK DEBALIVIERE METROLINK STATION",CC0033,2,18,12:54:00,12:54:00,1
"RED LINE TO LAMBERT AIRPORT TERMINAL #1","FOREST PARK DEBALIVIERE METROLINK STATION",CC0033,2,23,12:58:00,12:58:00,1
"BLUE LINE TO FAIRVIEW HEIGHTS","FOREST PARK DEBALIVIERE METROLINK STATION",333399,2,18,13:05:00,13:05:00,1
"BLUE LINE TO SHREWSBURY LANSDOWNE I-44","FOREST PARK DEBALIVIERE METROLINK STATION",333399,2,23,13:07:00,13:07:00,1
"RED LINE TO SHILOH SCOTT","FOREST PARK DEBALIVIERE METROLINK STATION",CC0033,2,18,13:14:00,13:14:00,1
"RED LINE TO LAMBERT AIRPORT TERMINAL #1","FOREST PARK DEBALIVIERE METROLINK STATION",CC0033,2,23,13:18:00,13:18:00,1
"BLUE LINE TO FAIRVIEW HEIGHTS","FOREST PARK DEBALIVIERE METROLINK STATION",333399,2,18,13:25:00,13:25:00,1
"BLUE LINE TO SHREWSBURY LANSDOWNE I-44","FOREST PARK DEBALIVIERE METROLINK STATION",333399,2,23,13:27:00,13:27:00,1
"RED LINE TO SHILOH SCOTT","FOREST PARK DEBALIVIERE METROLINK STATION",CC0033,2,18,13:34:00,13:34:00,1
"RED LINE TO LAMBERT AIRPORT TERMINAL #1","FOREST PARK DEBALIVIERE METROLINK STATION",CC0033,2,23,13:38:00,13:38:00,1
"BLUE LINE TO FAIRVIEW HEIGHTS","FOREST PARK DEBALIVIERE METROLINK STATION",333399,2,18,13:45:00,13:45:00,1
"BLUE LINE TO SHREWSBURY LANSDOWNE I-44","FOREST PARK DEBALIVIERE METROLINK STATION",333399,2,23,13:47:00,13:47:00,1
"RED LINE TO SHILOH SCOTT","FOREST PARK DEBALIVIERE METROLINK STATION",CC0033,2,18,13:54:00,13:54:00,1
"RED LINE TO LAMBERT AIRPORT TERMINAL #1","FOREST PARK DEBALIVIERE METROLINK STATION",CC0033,2,23,13:58:00,13:58:00,1
"BLUE LINE TO FAIRVIEW HEIGHTS","FOREST PARK DEBALIVIERE METROLINK STATION",333399,2,18,14:05:00,14:05:00,1
"BLUE LINE TO SHREWSBURY LANSDOWNE I-44","FOREST PARK DEBALIVIERE METROLINK STATION",333399,2,23,14:07:00,14:07:00,1
"RED LINE TO SHILOH SCOTT","FOREST PARK DEBALIVIERE METROLINK STATION",CC0033,2,18,14:14:00,14:14:00,1
"RED LINE TO LAMBERT AIRPORT TERMINAL #1","FOREST PARK DEBALIVIERE METROLINK STATION",CC0033,2,23,14:18:00,14:18:00,1
"BLUE LINE TO FAIRVIEW HEIGHTS","FOREST PARK DEBALIVIERE METROLINK STATION",333399,2,18,14:25:00,14:25:00,1
"BLUE LINE TO SHREWSBURY LANSDOWNE I-44","FOREST PARK DEBALIVIERE METROLINK STATION",333399,2,23,14:27:00,14:27:00,1
"RED LINE TO SHILOH SCOTT","FOREST PARK DEBALIVIERE METROLINK STATION",CC0033,2,18,14:34:00,14:34:00,1
"RED LINE TO LAMBERT AIRPORT TERMINAL #1","FOREST PARK DEBALIVIERE METROLINK STATION",CC0033,2,23,14:38:00,14:38:00,1
"BLUE LINE TO FAIRVIEW HEIGHTS","FOREST PARK DEBALIVIERE METROLINK STATION",333399,2,18,14:45:00,14:45:00,1
"BLUE LINE TO SHREWSBURY LANSDOWNE I-44","FOREST PARK DEBALIVIERE METROLINK STATION",333399,2,23,14:47:00,14:47:00,1
"RED LINE TO SHILOH SCOTT","FOREST PARK DEBALIVIERE METROLINK STATION",CC0033,2,18,14:54:00,14:54:00,1
"RED LINE TO LAMBERT AIRPORT TERMINAL #1","FOREST PARK DEBALIVIERE METROLINK STATION",CC0033,2,23,14:58:00,14:58:00,1
"BLUE LINE TO FAIRVIEW HEIGHTS","FOREST PARK DEBALIVIERE METROLINK STATION",333399,2,18,15:05:00,15:05:00,1
"BLUE LINE TO SHREWSBURY LANSDOWNE I-44","FOREST PARK DEBALIVIERE METROLINK STATION",333399,2,23,15:07:00,15:07:00,1
"RED LINE TO SHILOH SCOTT","FOREST PARK DEBALIVIERE METROLINK STATION",CC0033,2,18,15:14:00,15:14:00,1
"RED LINE TO LAMBERT AIRPORT TERMINAL #1","FOREST PARK DEBALIVIERE METROLINK STATION",CC0033,2,23,15:18:00,15:18:00,1
"BLUE LINE TO FAIRVIEW HEIGHTS","FOREST PARK DEBALIVIERE METROLINK STATION",333399,2,18,15:25:00,15:25:00,1
"BLUE LINE TO SHREWSBURY LANSDOWNE I-44","FOREST PARK DEBALIVIERE METROLINK STATION",333399,2,23,15:27:00,15:27:00,1
"RED LINE TO SHILOH SCOTT","FOREST PARK DEBALIVIERE METROLINK STATION",CC0033,2,18,15:34:00,15:34:00,1
"RED LINE TO LAMBERT AIRPORT TERMINAL #1","FOREST PARK DEBALIVIERE METROLINK STATION",CC0033,2,23,15:38:00,15:38:00,1
"BLUE LINE TO FAIRVIEW HEIGHTS","FOREST PARK DEBALIVIERE METROLINK STATION",333399,2,18,15:45:00,15:45:00,1
"BLUE LINE TO SHREWSBURY LANSDOWNE I-44","FOREST PARK DEBALIVIERE METROLINK STATION",333399,2,23,15:47:00,15:47:00,1
"RED LINE TO SHILOH SCOTT","FOREST PARK DEBALIVIERE METROLINK STATION",CC0033,2,18,15:54:00,15:54:00,1
"RED LINE TO LAMBERT AIRPORT TERMINAL #1","FOREST PARK DEBALIVIERE METROLINK STATION",CC0033,2,23,15:58:00,15:58:00,1
"BLUE LINE TO FAIRVIEW HEIGHTS","FOREST PARK DEBALIVIERE METROLINK STATION",333399,2,18,16:05:00,16:05:00,1
"BLUE LINE TO SHREWSBURY LANSDOWNE I-44","FOREST PARK DEBALIVIERE METROLINK STATION",333399,2,23,16:07:00,16:07:00,1
"RED LINE TO SHILOH SCOTT","FOREST PARK DEBALIVIERE METROLINK STATION",CC0033,2,18,16:14:00,16:14:00,1
"RED LINE TO LAMBERT AIRPORT TERMINAL #1","FOREST PARK DEBALIVIERE METROLINK STATION",CC0033,2,23,16:18:00,16:18:00,1
"BLUE LINE TO FAIRVIEW HEIGHTS","FOREST PARK DEBALIVIERE METROLINK STATION",333399,2,18,16:25:00,16:25:00,1
"BLUE LINE TO SHREWSBURY LANSDOWNE I-44","FOREST PARK DEBALIVIERE METROLINK STATION",333399,2,23,16:27:00,16:27:00,1
"RED LINE TO SHILOH SCOTT","FOREST PARK DEBALIVIERE METROLINK STATION",CC0033,2,18,16:34:00,16:34:00,1
"RED LINE TO LAMBERT AIRPORT TERMINAL #1","FOREST PARK DEBALIVIERE METROLINK STATION",CC0033,2,23,16:38:00,16:38:00,1
"BLUE LINE TO FAIRVIEW HEIGHTS","FOREST PARK DEBALIVIERE METROLINK STATION",333399,2,18,16:45:00,16:45:00,1
"BLUE LINE TO SHREWSBURY LANSDOWNE I-44","FOREST PARK DEBALIVIERE METROLINK STATION",333399,2,23,16:47:00,16:47:00,1
"RED LINE TO SHILOH SCOTT","FOREST PARK DEBALIVIERE METROLINK STATION",CC0033,2,18,16:54:00,16:54:00,1
"RED LINE TO LAMBERT AIRPORT TERMINAL #1","FOREST PARK DEBALIVIERE METROLINK STATION",CC0033,2,23,16:58:00,16:58:00,1
"BLUE LINE TO FAIRVIEW HEIGHTS","FOREST PARK DEBALIVIERE METROLINK STATION",333399,2,18,17:05:00,17:05:00,1
"BLUE LINE TO SHREWSBURY LANSDOWNE I-44","FOREST PARK DEBALIVIERE METROLINK STATION",333399,2,23,17:07:00,17:07:00,1
"RED LINE TO SHILOH SCOTT","FOREST PARK DEBALIVIERE METROLINK STATION",CC0033,2,18,17:14:00,17:14:00,1
"RED LINE TO LAMBERT AIRPORT TERMINAL #1","FOREST PARK DEBALIVIERE METROLINK STATION",CC0033,2,23,17:18:00,17:18:00,1
"BLUE LINE TO FAIRVIEW HEIGHTS","FOREST PARK DEBALIVIERE METROLINK STATION",333399,2,18,17:25:00,17:25:00,1
"BLUE LINE TO SHREWSBURY LANSDOWNE I-44","FOREST PARK DEBALIVIERE METROLINK STATION",333399,2,23,17:27:00,17:27:00,1
"RED LINE TO SHILOH SCOTT","FOREST PARK DEBALIVIERE METROLINK STATION",CC0033,2,18,17:34:00,17:34:00,1
"RED LINE TO LAMBERT AIRPORT TERMINAL #1","FOREST PARK DEBALIVIERE METROLINK STATION",CC0033,2,23,17:38:00,17:38:00,1
"BLUE LINE TO FAIRVIEW HEIGHTS","FOREST PARK DEBALIVIERE METROLINK STATION",333399,2,18,17:45:00,17:45:00,1
"BLUE LINE TO SHREWSBURY LANSDOWNE I-44","FOREST PARK DEBALIVIERE METROLINK STATION",333399,2,23,17:47:00,17:47:00,1
"RED LINE TO SHILOH SCOTT","FOREST PARK DEBALIVIERE METROLINK STATION",CC0033,2,18,17:54:00,17:54:00,1
"RED LINE TO LAMBERT AIRPORT TERMINAL #1","FOREST PARK DEBALIVIERE METROLINK STATION",CC0033,2,23,17:58:00,17:58:00,1
"BLUE LINE TO FAIRVIEW HEIGHTS","FOREST PARK DEBALIVIERE METROLINK STATION",333399,2,18,18:05:00,18:05:00,1
"BLUE LINE TO SHREWSBURY LANSDOWNE I-44","FOREST PARK DEBALIVIERE METROLINK STATION",333399,2,23,18:07:00,18:07:00,1
"RED LINE TO SHILOH SCOTT","FOREST PARK DEBALIVIERE METROLINK STATION",CC0033,2,18,18:14:00,18:14:00,1
"RED LINE TO LAMBERT AIRPORT TERMINAL #1","FOREST PARK DEBALIVIERE METROLINK STATION",CC0033,2,23,18:18:00,18:18:00,1
"BLUE LINE TO FAIRVIEW HEIGHTS","FOREST PARK DEBALIVIERE METROLINK STATION",333399,2,18,18:25:00,18:25:00,1
"BLUE LINE TO SHREWSBURY LANSDOWNE I-44","FOREST PARK DEBALIVIERE METROLINK STATION",333399,2,23,18:27:00,18:27:00,1
"RED LINE TO SHILOH SCOTT","FOREST PARK DEBALIVIERE METROLINK STATION",CC0033,2,18,18:34:00,18:34:00,1
"RED LINE TO LAMBERT AIRPORT TERMINAL #1","FOREST PARK DEBALIVIERE METROLINK STATION",CC0033,2,23,18:38:00,18:38:00,1
"BLUE LINE TO FAIRVIEW HEIGHTS","FOREST PARK DEBALIVIERE METROLINK STATION",333399,2,18,18:45:00,18:45:00,1
"BLUE LINE TO SHREWSBURY LANSDOWNE I-44","FOREST PARK DEBALIVIERE METROLINK STATION",333399,2,23,18:47:00,18:47:00,1
"RED LINE TO SHILOH SCOTT","FOREST PARK DEBALIVIERE METROLINK STATION",CC0033,2,18,18:54:00,18:54:00,1
"RED LINE TO LAMBERT AIRPORT TERMINAL #1","FOREST PARK DEBALIVIERE METROLINK STATION",CC0033,2,23,18:58:00,18:58:00,1
"BLUE LINE TO FAIRVIEW HEIGHTS","FOREST PARK DEBALIVIERE METROLINK STATION",333399,2,18,19:05:00,19:05:00,1
"BLUE LINE TO SHREWSBURY LANSDOWNE I-44","FOREST PARK DEBALIVIERE METROLINK STATION",333399,2,23,19:07:00,19:07:00,1
"RED LINE TO SHILOH SCOTT","FOREST PARK DEBALIVIERE METROLINK STATION",CC0033,2,18,19:14:00,19:14:00,1
"RED LINE TO LAMBERT AIRPORT TERMINAL #1","FOREST PARK DEBALIVIERE METROLINK STATION",CC0033,2,23,19:18:00,19:18:00,1
"BLUE LINE TO FAIRVIEW HEIGHTS","FOREST PARK DEBALIVIERE METROLINK STATION",333399,2,18,19:25:00,19:25:00,1
"BLUE LINE TO SHREWSBURY LANSDOWNE I-44","FOREST PARK DEBALIVIERE METROLINK STATION",333399,2,23,19:27:00,19:27:00,1
"RED LINE TO SHILOH SCOTT","FOREST PARK DEBALIVIERE METROLINK STATION",CC0033,2,18,19:34:00,19:34:00,1
"RED LINE TO LAMBERT AIRPORT TERMINAL #1","FOREST PARK DEBALIVIERE METROLINK STATION",CC0033,2,23,19:38:00,19:38:00,1
"BLUE LINE TO FAIRVIEW HEIGHTS","FOREST PARK DEBALIVIERE METROLINK STATION",333399,2,18,19:45:00,19:45:00,1
"BLUE LINE TO SHREWSBURY LANSDOWNE I-44","FOREST PARK DEBALIVIERE METROLINK STATION",333399,2,23,19:47:00,19:47:00,1
"RED LINE TO SHILOH SCOTT","FOREST PARK DEBALIVIERE METROLINK STATION",CC0033,2,18,19:54:00,19:54:00,1
"RED LINE TO LAMBERT AIRPORT TERMINAL #1","FOREST PARK DEBALIVIERE METROLINK STATION",CC0033,2,23,19:58:00,19:58:00,1
"BLUE LINE TO FAIRVIEW HEIGHTS","FOREST PARK DEBALIVIERE METROLINK STATION",333399,2,18,20:05:00,20:05:00,1
"BLUE LINE TO SHREWSBURY LANSDOWNE I-44","FOREST PARK DEBALIVIERE METROLINK STATION",333399,2,23,20:07:00,20:07:00,1
"RED LINE TO SHILOH SCOTT","FOREST PARK DEBALIVIERE METROLINK STATION",CC0033,2,18,20:14:00,20:14:00,1
"RED LINE TO LAMBERT AIRPORT TERMINAL #1","FOREST PARK DEBALIVIERE METROLINK STATION",CC0033,2,23,20:18:00,20:18:00,1
"BLUE LINE TO FAIRVIEW HEIGHTS","FOREST PARK DEBALIVIERE METROLINK STATION",333399,2,18,20:25:00,20:25:00,1
"BLUE LINE TO SHREWSBURY LANSDOWNE I-44","FOREST PARK DEBALIVIERE METROLINK STATION",333399,2,23,20:27:00,20:27:00,1
"RED LINE TO SHILOH SCOTT","FOREST PARK DEBALIVIERE METROLINK STATION",CC0033,2,18,20:34:00,20:34:00,1
"RED LINE TO LAMBERT AIRPORT TERMINAL #1","FOREST PARK DEBALIVIERE METROLINK STATION",CC0033,2,23,20:38:00,20:38:00,1
"BLUE LINE TO FAIRVIEW HEIGHTS","FOREST PARK DEBALIVIERE METROLINK STATION",333399,2,18,20:45:00,20:45:00,1
"BLUE LINE TO SHREWSBURY LANSDOWNE I-44","FOREST PARK DEBALIVIERE METROLINK STATION",333399,2,23,20:47:00,20:47:00,1
"RED LINE TO SHILOH SCOTT","FOREST PARK DEBALIVIERE METROLINK STATION",CC0033,2,18,20:54:00,20:54:00,1
"RED LINE TO LAMBERT AIRPORT TERMINAL #1","FOREST PARK DEBALIVIERE METROLINK STATION",CC0033,2,23,20:58:00,20:58:00,1
"BLUE LINE TO FAIRVIEW HEIGHTS","FOREST PARK DEBALIVIERE METROLINK STATION",333399,2,18,21:05:00,21:05:00,1
"BLUE LINE TO SHREWSBURY LANSDOWNE I-44","FOREST PARK DEBALIVIERE METROLINK STATION",333399,2,23,21:07:00,21:07:00,1
"RED LINE TO SHILOH SCOTT","FOREST PARK DEBALIVIERE METROLINK STATION",CC0033,2,18,21:14:00,21:14:00,1
"RED LINE TO LAMBERT AIRPORT TERMINAL #1","FOREST PARK DEBALIVIERE METROLINK STATION",CC0033,2,23,21:18:00,21:18:00,1
"BLUE LINE TO FAIRVIEW HEIGHTS","FOREST PARK DEBALIVIERE METROLINK STATION",333399,2,18,21:25:00,21:25:00,1
"BLUE LINE TO SHREWSBURY LANSDOWNE I-44","FOREST PARK DEBALIVIERE METROLINK STATION",333399,2,23,21:27:00,21:27:00,1
"RED LINE TO SHILOH SCOTT","FOREST PARK DEBALIVIERE METROLINK STATION",CC0033,2,18,21:34:00,21:34:00,1
"RED LINE TO LAMBERT AIRPORT TERMINAL #1","FOREST PARK DEBALIVIERE METROLINK STATION",CC0033,2,23,21:38:00,21:38:00,1
"BLUE LINE TO FAIRVIEW HEIGHTS","FOREST PARK DEBALIVIERE METROLINK STATION",333399,2,18,21:45:00,21:45:00,1
"BLUE LINE TO SHREWSBURY LANSDOWNE I-44","FOREST PARK DEBALIVIERE METROLINK STATION",333399,2,23,21:47:00,21:47:00,1
"RED LINE TO SHILOH SCOTT","FOREST PARK DEBALIVIERE METROLINK STATION",CC0033,2,18,21:54:00,21:54:00,1
"RED LINE TO LAMBERT AIRPORT TERMINAL #1","FOREST PARK DEBALIVIERE METROLINK STATION",CC0033,2,23,21:58:00,21:58:00,1
"BLUE LINE TO FAIRVIEW HEIGHTS","FOREST PARK DEBALIVIERE METROLINK STATION",333399,2,18,22:05:00,22:05:00,1
"BLUE LINE TO SHREWSBURY LANSDOWNE I-44","FOREST PARK DEBALIVIERE METROLINK STATION",333399,2,23,22:07:00,22:07:00,1
"RED LINE TO SHILOH SCOTT","FOREST PARK DEBALIVIERE METROLINK STATION",CC0033,2,18,22:14:00,22:14:00,1
"RED LINE TO LAMBERT AIRPORT TERMINAL #1","FOREST PARK DEBALIVIERE METROLINK STATION",CC0033,2,23,22:18:00,22:18:00,1
"BLUE LINE TO FAIRVIEW HEIGHTS","FOREST PARK DEBALIVIERE METROLINK STATION",333399,2,18,22:25:00,22:25:00,1
"BLUE LINE TO SHREWSBURY LANSDOWNE I-44","FOREST PARK DEBALIVIERE METROLINK STATION",333399,2,23,22:27:00,22:27:00,1
"RED LINE TO SHILOH SCOTT","FOREST PARK DEBALIVIERE METROLINK STATION",CC0033,2,18,22:34:00,22:34:00,1
"RED LINE TO LAMBERT AIRPORT TERMINAL #1","FOREST PARK DEBALIVIERE METROLINK STATION",CC0033,2,23,22:38:00,22:38:00,1
"BLUE LINE TO FAIRVIEW HEIGHTS","FOREST PARK DEBALIVIERE METROLINK STATION",333399,2,18,22:45:00,22:45:00,1
"BLUE LINE TO SHREWSBURY LANSDOWNE I-44","FOREST PARK DEBALIVIERE METROLINK STATION",333399,2,23,22:47:00,22:47:00,1
"RED LINE TO SHILOH SCOTT","FOREST PARK DEBALIVIERE METROLINK STATION",CC0033,2,18,22:54:00,22:54:00,1
"RED LINE TO LAMBERT AIRPORT TERMINAL #1","FOREST PARK DEBALIVIERE METROLINK STATION",CC0033,2,23,22:58:00,22:58:00,1
"BLUE LINE TO FAIRVIEW HEIGHTS","FOREST PARK DEBALIVIERE METROLINK STATION",333399,2,18,23:05:00,23:05:00,1
"BLUE LINE TO SHREWSBURY LANSDOWNE I-44","FOREST PARK DEBALIVIERE METROLINK STATION",333399,2,23,23:07:00,23:07:00,1
"RED LINE TO SHILOH SCOTT","FOREST PARK DEBALIVIERE METROLINK STATION",CC0033,2,18,23:14:00,23:14:00,1
"RED LINE TO LAMBERT AIRPORT TERMINAL #1","FOREST PARK DEBALIVIERE METROLINK STATION",CC0033,2,23,23:18:00,23:18:00,1
"BLUE LINE TO EMERSON PARK","FOREST PARK DEBALIVIERE METROLINK STATION",333399,2,18,23:25:00,23:25:00,1
"BLUE LINE TO SHREWSBURY LANSDOWNE I-44","FOREST PARK DEBALIVIERE METROLINK STATION",333399,2,23,23:27:00,23:27:00,1
"RED LINE TO SHILOH SCOTT","FOREST PARK DEBALIVIERE METROLINK STATION",CC0033,2,18,23:34:00,23:34:00,1
"RED LINE TO LAMBERT AIRPORT TERMINAL #1","FOREST PARK DEBALIVIERE METROLINK STATION",CC0033,2,23,23:38:00,23:38:00,1
"BLUE LINE TO EMERSON PARK","FOREST PARK DEBALIVIERE METROLINK STATION",333399,2,18,23:45:00,23:45:00,1
"RED LINE TO FAIRVIEW HEIGHTS","FOREST PARK DEBALIVIERE METROLINK STATION",CC0033,2,18,23:54:00,23:54:00,1
"BLUE LINE TO FAIRVIEW HEIGHTS","FOREST PARK DEBALIVIERE METROLINK STATION",333399,2,18,24:05:00,24:05:00,1
"BLUE LINE TO SHREWSBURY LANSDOWNE I-44","FOREST PARK DEBALIVIERE METROLINK STATION",333399,2,23,24:07:00,24:07:00,1
"RED LINE TO FAIRVIEW HEIGHTS","FOREST PARK DEBALIVIERE METROLINK STATION",CC0033,2,18,24:14:00,24:14:00,1
"RED LINE TO LAMBERT AIRPORT TERMINAL #1","FOREST PARK DEBALIVIERE METROLINK STATION",CC0033,2,23,24:18:00,24:18:00,1
"BLUE LINE TO CIVIC CENTER","FOREST PARK DEBALIVIERE METROLINK STATION",333399,2,18,24:25:00,24:25:00,1
"RED LINE TO CIVIC CENTER","FOREST PARK DEBALIVIERE METROLINK STATION",CC0033,2,18,24:34:00,24:34:00,1
"BLUE LINE TO CIVIC CENTER","FOREST PARK DEBALIVIERE METROLINK STATION",333399,2,18,24:55:00,24:55:00,1
"RED LINE TO CIVIC CENTER","FOREST PARK DEBALIVIERE METROLINK STATION",CC0033,2,18,25:14:00,25:14:00,1
