"RED LINE TO LAMBERT AIRPORT TERMINAL #1","JJK CENTER METROLINK STATION",CC0033,2,9,04:04:00,04:04:00,1
"BLUE LINE TO SHREWSBURY LANSDOWNE I-44","JJK CENTER METROLINK STATION",333399,2,9,04:24:00,04:24:00,1
"RED LINE TO LAMBERT AIRPORT TERMINAL #1","JJK CENTER METROLINK STATION",CC0033,2,9,04:29:00,04:29:00,1
"BLUE LINE TO SHREWSBURY LANSDOWNE I-44","JJK CENTER METROLINK STATION",333399,2,9,04:37:00,04:37:00,1
"RED LINE TO LAMBERT AIRPORT TERMINAL #1","JJK CENTER METROLINK STATION",CC0033,2,9,04:45:00,04:45:00,1
"RED LINE TO SHILOH SCOTT","JJK CENTER METROLINK STATION",CC0033,2,32,04:53:00,04:53:00,1
"BLUE LINE TO SHREWSBURY LANSDOWNE I-44","JJK CENTER METROLINK STATION",333399,2,9,04:54:00,04:54:00,1
"RED LINE TO SHILOH SCOTT","JJK CENTER METROLINK STATION",CC0033,2,32,05:01:00,05:01:00,1
"RED LINE TO LAMBERT AIRPORT TERMINAL #1","JJK CENTER METROLINK STATION",CC0033,2,9,05:02:00,05:02:00,1
"RED LINE TO SHILOH SCOTT","JJK CENTER METROLINK STATION",CC0033,2,32,05:07:00,05:07:00,1
"BLUE LINE TO SHREWSBURY LANSDOWNE I-44","JJK CENTER METROLINK STATION",333399,2,9,05:14:00,05:14:00,1
"BLUE LINE TO FAIRVIEW HEIGHTS","JJK CENTER METROLINK STATION",333399,2,32,05:17:00,05:17:00,1
"RED LINE TO LAMBERT AIRPORT TERMINAL #1","JJK CENTER METROLINK STATION",CC0033,2,9,05:21:00,05:21:00,1
"RED LINE TO SHILOH SCOTT","JJK CENTER METROLINK STATION",CC0033,2,32,05:27:00,05:27:00,1
"BLUE LINE TO FAIRVIEW HEIGHTS","JJK CENTER METROLINK STATION",333399,2,32,05:37:00,05:37:00,1
"BLUE LINE TO SHREWSBURY LANSDOWNE I-44","JJK CENTER METROLINK STATION",333399,2,9,05:37:00,05:37:00,1
"RED LINE TO LAMBERT AIRPORT TERMINAL #1","JJK CENTER METROLINK STATION",CC0033,2,9,05:42:00,05:42:00,1
"RED LINE TO SHILOH SCOTT","JJK CENTER METROLINK STATION",CC0033,2,32,05:47:00,05:47:00,1
"BLUE LINE TO SHREWSBURY LANSDOWNE I-44","JJK CENTER METROLINK STATION",333399,2,9,05:51:00,05:51:00,1
"RED LINE TO LAMBERT AIRPORT TERMINAL #1","JJK CENTER METROLINK STATION",CC0033,2,9,05:56:00,05:56:00,1
"BLUE LINE TO FAIRVIEW HEIGHTS","JJK CENTER METROLINK STATION",333399,2,32,05:57:00,05:57:00,1
"BLUE LINE TO SHREWSBURY LANSDOWNE I-44","JJK CENTER METROLINK STATION",333399,2,9,06:02:00,06:02:00,1
"RED LINE TO SHILOH SCOTT","JJK CENTER METROLINK STATION",CC0033,2,32,06:07:00,06:07:00,1
"RED LINE TO LAMBERT AIRPORT TERMINAL #1","JJK CENTER METROLINK STATION",CC0033,2,9,06:08:00,06:08:00,1
"BLUE LINE TO SHREWSBURY LANSDOWNE I-44","JJK CENTER METROLINK STATION",333399,2,9,06:14:00,06:14:00,1
"BLUE LINE TO FAIRVIEW HEIGHTS","JJK CENTER METROLINK STATION",333399,2,32,06:17:00,06:17:00,1
"RED LINE TO LAMBERT AIRPORT TERMINAL #1","JJK CENTER METROLINK STATION",CC0033,2,9,06:20:00,06:20:00,1
"BLUE LINE TO SHREWSBURY LANSDOWNE I-44","JJK CENTER METROLINK STATION",333399,2,9,06:26:00,06:26:00,1
"RED LINE TO SHILOH SCOTT","JJK CENTER METROLINK STATION",CC0033,2,32,06:29:00,06:29:00,1
"RED LINE TO LAMBERT AIRPORT TERMINAL #1","JJK CENTER METROLINK STATION",CC0033,2,9,06:32:00,06:32:00,1
"BLUE LINE TO FAIRVIEW HEIGHTS","JJK CENTER METROLINK STATION",333399,2,32,06:35:00,06:35:00,1
"BLUE LINE TO SHREWSBURY LANSDOWNE I-44","JJK CENTER METROLINK STATION",333399,2,9,06:38:00,06:38:00,1
"RED LINE TO SHILOH SCOTT","JJK CENTER METROLINK STATION",CC0033,2,32,06:41:00,06:41:00,1
"RED LINE TO LAMBERT AIRPORT TERMINAL #1","JJK CENTER METROLINK STATION",CC0033,2,9,06:44:00,06:44:00,1
"BLUE LINE TO FAIRVIEW HEIGHTS","JJK CENTER METROLINK STATION",333399,2,32,06:47:00,06:47:00,1
"BLUE LINE TO SHREWSBURY LANSDOWNE I-44","JJK CENTER METROLINK STATION",333399,2,9,06:50:00,06:50:00,1
"RED LINE TO SHILOH SCOTT","JJK CENTER METROLINK STATION",CC0033,2,32,06:54:00,06:54:00,1
"RED LINE TO LAMBERT AIRPORT TERMINAL #1","JJK CENTER METROLINK STATION",CC0033,2,9,06:56:00,06:56:00,1
"BLUE LINE TO FAIRVIEW HEIGHTS","JJK CENTER METROLINK STATION",333399,2,32,06:59:00,06:59:00,1
"BLUE LINE TO SHREWSBURY LANSDOWNE I-44","JJK CENTER METROLINK STATION",333399,2,9,07:02:00,07:02:00,1
"RED LINE TO SHILOH SCOTT","JJK CENTER METROLINK STATION",CC0033,2,32,07:05:00,07:05:00,1
"RED LINE TO LAMBERT AIRPORT TERMINAL #1","JJK CENTER METROLINK STATION",CC0033,2,9,07:08:00,07:08:00,1
"BLUE LINE TO FAIRVIEW HEIGHTS","JJK CENTER METROLINK STATION",333399,2,32,07:11:00,07:11:00,1
"BLUE LINE TO SHREWSBURY LANSDOWNE I-44","JJK CENTER METROLINK STATION",333399,2,9,07:14:00,07:14:00,1
"RED LINE TO SHILOH SCOTT","JJK CENTER METROLINK STATION",CC0033,2,32,07:17:00,07:17:00,1
"RED LINE TO LAMBERT AIRPORT TERMINAL #1","JJK CENTER METROLINK STATION",CC0033,2,9,07:20:00,07:20:00,1
"BLUE LINE TO FAIRVIEW HEIGHTS","JJK CENTER METROLINK STATION",333399,2,32,07:23:00,07:23:00,1
"BLUE LINE TO SHREWSBURY LANSDOWNE I-44","JJK CENTER METROLINK STATION",333399,2,9,07:26:00,07:26:00,1
"RED LINE TO SHILOH SCOTT","JJK CENTER METROLINK STATION",CC0033,2,32,07:29:00,07:29:00,1
"RED LINE TO LAMBERT AIRPORT TERMINAL #1","JJK CENTER METROLINK STATION",CC0033,2,9,07:32:00,07:32:00,1
"BLUE LINE TO FAIRVIEW HEIGHTS","JJK CENTER METROLINK STATION",333399,2,32,07:35:00,07:35:00,1
"BLUE LINE TO SHREWSBURY LANSDOWNE I-44","JJK CENTER METROLINK STATION",333399,2,9,07:38:00,07:38:00,1
"RED LINE TO SHILOH SCOTT","JJK CENTER METROLINK STATION",CC0033,2,32,07:41:00,07:41:00,1
"RED LINE TO LAMBERT AIRPORT TERMINAL #1","JJK CENTER METROLINK STATION",CC0033,2,9,07:44:00,07:44:00,1
"BLUE LINE TO FAIRVIEW HEIGHTS","JJK CENTER METROLINK STATION",333399,2,32,07:47:00,07:47:00,1
"BLUE LINE TO SHREWSBURY LANSDOWNE I-44","JJK CENTER METROLINK STATION",333399,2,9,07:50:00,07:50:00,1
"RED LINE TO SHILOH SCOTT","JJK CENTER METROLINK STATION",CC0033,2,32,07:53:00,07:53:00,1
"RED LINE TO LAMBERT AIRPORT TERMINAL #1","JJK CENTER METROLINK STATION",CC0033,2,9,07:56:00,07:56:00,1
"BLUE LINE TO FAIRVIEW HEIGHTS","JJK CENTER METROLINK STATION",333399,2,32,07:59:00,07:59:00,1
"BLUE LINE TO SHREWSBURY LANSDOWNE I-44","JJK CENTER METROLINK STATION",333399,2,9,08:02:00,08:02:00,1
"RED LINE TO SHILOH SCOTT","JJK CENTER METROLINK STATION",CC0033,2,32,08:05:00,08:05:00,1
"RED LINE TO LAMBERT AIRPORT TERMINAL #1","JJK CENTER METROLINK STATION",CC0033,2,9,08:07:00,08:07:00,1
"BLUE LINE TO FAIRVIEW HEIGHTS","JJK CENTER METROLINK STATION",333399,2,32,08:11:00,08:11:00,1
"BLUE LINE TO SHREWSBURY LANSDOWNE I-44","JJK CENTER METROLINK STATION",333399,2,9,08:14:00,08:14:00,1
"RED LINE TO SHILOH SCOTT","JJK CENTER METROLINK STATION",CC0033,2,32,08:17:00,08:17:00,1
"RED LINE TO LAMBERT AIRPORT TERMINAL #1","JJK CENTER METROLINK STATION",CC0033,2,9,08:20:00,08:20:00,1
"BLUE LINE TO FAIRVIEW HEIGHTS","JJK CENTER METROLINK STATION",333399,2,32,08:23:00,08:23:00,1
"BLUE LINE TO SHREWSBURY LANSDOWNE I-44","JJK CENTER METROLINK STATION",333399,2,9,08:26:00,08:26:00,1
"RED LINE TO SHILOH SCOTT","JJK CENTER METROLINK STATION",CC0033,2,32,08:29:00,08:29:00,1
"RED LINE TO LAMBERT AIRPORT TERMINAL #1","JJK CENTER METROLINK STATION",CC0033,2,9,08:32:00,08:32:00,1
"BLUE LINE TO SHREWSBURY LANSDOWNE I-44","JJK CENTER METROLINK STATION",333399,2,9,08:38:00,08:38:00,1
"RED LINE TO SHILOH SCOTT","JJK CENTER METROLINK STATION",CC0033,2,32,08:41:00,08:41:00,1
"RED LINE TO LAMBERT AIRPORT TERMINAL #1","JJK CENTER METROLINK STATION",CC0033,2,9,08:43:00,08:43:00,1
"BLUE LINE TO FAIRVIEW HEIGHTS","JJK CENTER METROLINK STATION",333399,2,32,08:47:00,08:47:00,1
"BLUE LINE TO SHREWSBURY LANSDOWNE I-44","JJK CENTER METROLINK STATION",333399,2,9,08:50:00,08:50:00,1
"RED LINE TO SHILOH SCOTT","JJK CENTER METROLINK STATION",CC0033,2,32,08:53:00,08:53:00,1
"BLUE LINE TO FAIRVIEW HEIGHTS","JJK CENTER METROLINK STATION",333399,2,32,08:59:00,08:59:00,1
"RED LINE TO LAMBERT AIRPORT TERMINAL #1","JJK CENTER METROLINK STATION",CC0033,2,9,08:59:00,08:59:00,1
"RED LINE TO SHILOH SCOTT","JJK CENTER METROLINK STATION",CC0033,2,32,09:05:00,09:05:00,1
"BLUE LINE TO SHREWSBURY LANSDOWNE I-44","JJK CENTER METROLINK STATION",333399,2,9,09:10:00,09:10:00,1
"RED LINE TO SHILOH SCOTT","JJK CENTER METROLINK STATION",CC0033,2,32,09:17:00,09:17:00,1
"RED LINE TO LAMBERT AIRPORT TERMINAL #1","JJK CENTER METROLINK STATION",CC0033,2,9,09:20:00,09:20:00,1
"BLUE LINE TO FAIRVIEW HEIGHTS","JJK CENTER METROLINK STATION",333399,2,32,09:23:00,09:23:00,1
"BLUE LINE TO SHREWSBURY LANSDOWNE I-44","JJK CENTER METROLINK STATION",333399,2,9,09:30:00,09:30:00,1
"RED LINE TO SHILOH SCOTT","JJK CENTER METROLINK STATION",CC0033,2,32,09:34:00,09:34:00,1
"RED LINE TO LAMBERT AIRPORT TERMINAL #1","JJK CENTER METROLINK STATION",CC0033,2,9,09:40:00,09:40:00,1
"BLUE LINE TO FAIRVIEW HEIGHTS","JJK CENTER METROLINK STATION",333399,2,32,09:44:00,09:44:00,1
"BLUE LINE TO SHREWSBURY LANSDOWNE I-44","JJK CENTER METROLINK STATION",333399,2,9,09:50:00,09:50:00,1
"RED LINE TO SHILOH SCOTT","JJK CENTER METROLINK STATION",CC0033,2,32,09:54:00,09:54:00,1
"BLUE LINE TO FAIRVIEW HEIGHTS","JJK CENTER METROLINK STATION",333399,2,32,09:59:00,09:59:00,1
"RED LINE TO LAMBERT AIRPORT TERMINAL #1","JJK CENTER METROLINK STATION",CC0033,2,9,10:00:00,10:00:00,1
"RED LINE TO SHILOH SCOTT","JJK CENTER METROLINK STATION",CC0033,2,32,10:05:00,10:05:00,1
"BLUE LINE TO SHREWSBURY LANSDOWNE I-44","JJK CENTER METROLINK STATION",333399,2,9,10:10:00,10:10:00,1
"BLUE LINE TO FAIRVIEW HEIGHTS","JJK CENTER METROLINK STATION",333399,2,32,10:12:00,10:12:00,1
"RED LINE TO LAMBERT AIRPORT TERMINAL #1","JJK CENTER METROLINK STATION",CC0033,2,9,10:20:00,10:20:00,1
"RED LINE TO SHILOH SCOTT","JJK CENTER METROLINK STATION",CC0033,2,32,10:22:00,10:22:00,1
"BLUE LINE TO SHREWSBURY LANSDOWNE I-44","JJK CENTER METROLINK STATION",333399,2,9,10:30:00,10:30:00,1
"BLUE LINE TO FAIRVIEW HEIGHTS","JJK CENTER METROLINK STATION",333399,2,32,10:32:00,10:32:00,1
"RED LINE TO LAMBERT AIRPORT TERMINAL #1","JJK CENTER METROLINK STATION",CC0033,2,9,10:40:00,10:40:00,1
"RED LINE TO SHILOH SCOTT","JJK CENTER METROLINK STATION",CC0033,2,32,10:42:00,10:42:00,1
"BLUE LINE TO SHREWSBURY LANSDOWNE I-44","JJK CENTER METROLINK STATION",333399,2,9,10:50:00,10:50:00,1
"BLUE LINE TO FAIRVIEW HEIGHTS","JJK CENTER METROLINK STATION",333399,2,32,10:52:00,10:52:00,1
"RED LINE TO LAMBERT AIRPORT TERMINAL #1","JJK CENTER METROLINK STATION",CC0033,2,9,11:00:00,11:00:00,1
"RED LINE TO SHILOH SCOTT","JJK CENTER METROLINK STATION",CC0033,2,32,11:02:00,11:02:00,1
"BLUE LINE TO SHREWSBURY LANSDOWNE I-44","JJK CENTER METROLINK STATION",333399,2,9,11:10:00,11:10:00,1
"BLUE LINE TO FAIRVIEW HEIGHTS","JJK CENTER METROLINK STATION",333399,2,32,11:12:00,11:12:00,1
"RED LINE TO LAMBERT AIRPORT TERMINAL #1","JJK CENTER METROLINK STATION",CC0033,2,9,11:20:00,11:20:00,1
"RED LINE TO SHILOH SCOTT","JJK CENTER METROLINK STATION",CC0033,2,32,11:22:00,11:22:00,1
"BLUE LINE TO SHREWSBURY LANSDOWNE I-44","JJK CENTER METROLINK STATION",333399,2,9,11:30:00,11:30:00,1
"BLUE LINE TO FAIRVIEW HEIGHTS","JJK CENTER METROLINK STATION",333399,2,32,11:32:00,11:32:00,1
"RED LINE TO LAMBERT AIRPORT TERMINAL #1","JJK CENTER METROLINK STATION",CC0033,2,9,11:40:00,11:40:00,1
"RED LINE TO SHILOH SCOTT","JJK CENTER METROLINK STATION",CC0033,2,32,11:42:00,11:42:00,1
"BLUE LINE TO SHREWSBURY LANSDOWNE I-44","JJK CENTER METROLINK STATION",333399,2,9,11:50:00,11:50:00,1
"BLUE LINE TO FAIRVIEW HEIGHTS","JJK CENTER METROLINK STATION",333399,2,32,11:52:00,11:52:00,1
"RED LINE TO LAMBERT AIRPORT TERMINAL #1","JJK CENTER METROLINK STATION",CC0033,2,9,12:00:00,12:00:00,1
"RED LINE TO SHILOH SCOTT","JJK CENTER METROLINK STATION",CC0033,2,32,12:02:00,12:02:00,1
"BLUE LINE TO SHREWSBURY LANSDOWNE I-44","JJK CENTER METROLINK STATION",333399,2,9,12:10:00,12:10:00,1
"BLUE LINE TO FAIRVIEW HEIGHTS","JJK CENTER METROLINK STATION",333399,2,32,12:12:00,12:12:00,1
"RED LINE TO LAMBERT AIRPORT TERMINAL #1","JJK CENTER METROLINK STATION",CC0033,2,9,12:20:00,12:20:00,1
"RED LINE TO SHILOH SCOTT","JJK CENTER METROLINK STATION",CC0033,2,32,12:22:00,12:22:00,1
"BLUE LINE TO SHREWSBURY LANSDOWNE I-44","JJK CENTER METROLINK STATION",333399,2,9,12:30:00,12:30:00,1
"BLUE LINE TO FAIRVIEW HEIGHTS","JJK CENTER METROLINK STATION",333399,2,32,12:32:00,12:32:00,1
"RED LINE TO LAMBERT AIRPORT TERMINAL #1","JJK CENTER METROLINK STATION",CC0033,2,9,12:40:00,12:40:00,1
"RED LINE TO SHILOH SCOTT","JJK CENTER METROLINK STATION",CC0033,2,32,12:42:00,12:42:00,1
"BLUE LINE TO SHREWSBURY LANSDOWNE I-44","JJK CENTER METROLINK STATION",333399,2,9,12:50:00,12:50:00,1
"BLUE LINE TO FAIRVIEW HEIGHTS","JJK CENTER METROLINK STATION",333399,2,32,12:52:00,12:52:00,1
"RED LINE TO LAMBERT AIRPORT TERMINAL #1","JJK CENTER METROLINK STATION",CC0033,2,9,13:00:00,13:00:00,1
"RED LINE TO SHILOH SCOTT","JJK CENTER METROLINK STATION",CC0033,2,32,13:02:00,13:02:00,1
"BLUE LINE TO SHREWSBURY LANSDOWNE I-44","JJK CENTER METROLINK STATION",333399,2,9,13:10:00,13:10:00,1
"BLUE LINE TO FAIRVIEW HEIGHTS","JJK CENTER METROLINK STATION",333399,2,32,13:12:00,13:12:00,1
"RED LINE TO LAMBERT AIRPORT TERMINAL #1","JJK CENTER METROLINK STATION",CC0033,2,9,13:20:00,13:20:00,1
"RED LINE TO SHILOH SCOTT","JJK CENTER METROLINK STATION",CC0033,2,32,13:22:00,13:22:00,1
"BLUE LINE TO SHREWSBURY LANSDOWNE I-44","JJK CENTER METROLINK STATION",333399,2,9,13:30:00,13:30:00,1
"BLUE LINE TO FAIRVIEW HEIGHTS","JJK CENTER METROLINK STATION",333399,2,32,13:32:00,13:32:00,1
"RED LINE TO LAMBERT AIRPORT TERMINAL #1","JJK CENTER METROLINK STATION",CC0033,2,9,13:40:00,13:40:00,1
"RED LINE TO SHILOH SCOTT","JJK CENTER METROLINK STATION",CC0033,2,32,13:42:00,13:42:00,1
"BLUE LINE TO SHREWSBURY LANSDOWNE I-44","JJK CENTER METROLINK STATION",333399,2,9,13:50:00,13:50:00,1
"BLUE LINE TO FAIRVIEW HEIGHTS","JJK CENTER METROLINK STATION",333399,2,32,13:52:00,13:52:00,1
"RED LINE TO LAMBERT AIRPORT TERMINAL #1","JJK CENTER METROLINK STATION",CC0033,2,9,14:00:00,14:00:00,1
"RED LINE TO SHILOH SCOTT","JJK CENTER METROLINK STATION",CC0033,2,32,14:02:00,14:02:00,1
"BLUE LINE TO SHREWSBURY LANSDOWNE I-44","JJK CENTER METROLINK STATION",333399,2,9,14:10:00,14:10:00,1
"BLUE LINE TO FAIRVIEW HEIGHTS","JJK CENTER METROLINK STATION",333399,2,32,14:12:00,14:12:00,1
"RED LINE TO LAMBERT AIRPORT TERMINAL #1","JJK CENTER METROLINK STATION",CC0033,2,9,14:18:00,14:18:00,1
"RED LINE TO SHILOH SCOTT","JJK CENTER METROLINK STATION",CC0033,2,32,14:24:00,14:24:00,1
"BLUE LINE TO SHREWSBURY LANSDOWNE I-44","JJK CENTER METROLINK STATION",333399,2,9,14:28:00,14:28:00,1
"BLUE LINE TO FAIRVIEW HEIGHTS","JJK CENTER METROLINK STATION",333399,2,32,14:32:00,14:32:00,1
"RED LINE TO SHILOH SCOTT","JJK CENTER METROLINK STATION",CC0033,2,32,14:42:00,14:42:00,1
"RED LINE TO LAMBERT AIRPORT TERMINAL #1","JJK CENTER METROLINK STATION",CC0033,2,9,14:43:00,14:43:00,1
"BLUE LINE TO SHREWSBURY LANSDOWNE I-44","JJK CENTER METROLINK STATION",333399,2,9,14:48:00,14:48:00,1
"BLUE LINE TO FAIRVIEW HEIGHTS","JJK CENTER METROLINK STATION",333399,2,32,14:52:00,14:52:00,1
"RED LINE TO LAMBERT AIRPORT TERMINAL #1","JJK CENTER METROLINK STATION",CC0033,2,9,14:53:00,14:53:00,1
"BLUE LINE TO SHREWSBURY LANSDOWNE I-44","JJK CENTER METROLINK STATION",333399,2,9,14:58:00,14:58:00,1
"BLUE LINE TO SHREWSBURY LANSDOWNE I-44","JJK CENTER METROLINK STATION",333399,2,9,15:03:00,15:03:00,1
"RED LINE TO SHILOH SCOTT","JJK CENTER METROLINK STATION",CC0033,2,32,15:04:00,15:04:00,1
"RED LINE TO LAMBERT AIRPORT TERMINAL #1","JJK CENTER METROLINK STATION",CC0033,2,9,15:08:00,15:08:00,1
"BLUE LINE TO FAIRVIEW HEIGHTS","JJK CENTER METROLINK STATION",333399,2,32,15:14:00,15:14:00,1
"RED LINE TO LAMBERT AIRPORT TERMINAL #1","JJK CENTER METROLINK STATION",CC0033,2,9,15:19:00,15:19:00,1
"RED LINE TO SHILOH SCOTT","JJK CENTER METROLINK STATION",CC0033,2,32,15:25:00,15:25:00,1
"BLUE LINE TO SHREWSBURY LANSDOWNE I-44","JJK CENTER METROLINK STATION",333399,2,9,15:26:00,15:26:00,1
"RED LINE TO LAMBERT AIRPORT TERMINAL #1","JJK CENTER METROLINK STATION",CC0033,2,9,15:32:00,15:32:00,1
"BLUE LINE TO FAIRVIEW HEIGHTS","JJK CENTER METROLINK STATION",333399,2,32,15:36:00,15:36:00,1
"BLUE LINE TO SHREWSBURY LANSDOWNE I-44","JJK CENTER METROLINK STATION",333399,2,9,15:38:00,15:38:00,1
"RED LINE TO LAMBERT AIRPORT TERMINAL #1","JJK CENTER METROLINK STATION",CC0033,2,9,15:44:00,15:44:00,1
"RED LINE TO SHILOH SCOTT","JJK CENTER METROLINK STATION",CC0033,2,32,15:46:00,15:46:00,1
"BLUE LINE TO SHREWSBURY LANSDOWNE I-44","JJK CENTER METROLINK STATION",333399,2,9,15:50:00,15:50:00,1
"RED LINE TO LAMBERT AIRPORT TERMINAL #1","JJK CENTER METROLINK STATION",CC0033,2,9,15:56:00,15:56:00,1
"BLUE LINE TO FAIRVIEW HEIGHTS","JJK CENTER METROLINK STATION",333399,2,32,15:59:00,15:59:00,1
"BLUE LINE TO SHREWSBURY LANSDOWNE I-44","JJK CENTER METROLINK STATION",333399,2,9,16:02:00,16:02:00,1
"RED LINE TO SHILOH SCOTT","JJK CENTER METROLINK STATION",CC0033,2,32,16:05:00,16:05:00,1
"RED LINE TO LAMBERT AIRPORT TERMINAL #1","JJK CENTER METROLINK STATION",CC0033,2,9,16:08:00,16:08:00,1
"BLUE LINE TO FAIRVIEW HEIGHTS","JJK CENTER METROLINK STATION",333399,2,32,16:11:00,16:11:00,1
"BLUE LINE TO SHREWSBURY LANSDOWNE I-44","JJK CENTER METROLINK STATION",333399,2,9,16:14:00,16:14:00,1
"RED LINE TO SHILOH SCOTT","JJK CENTER METROLINK STATION",CC0033,2,32,16:17:00,16:17:00,1
"RED LINE TO LAMBERT AIRPORT TERMINAL #1","JJK CENTER METROLINK STATION",CC0033,2,9,16:20:00,16:20:00,1
"BLUE LINE TO FAIRVIEW HEIGHTS","JJK CENTER METROLINK STATION",333399,2,32,16:23:00,16:23:00,1
"BLUE LINE TO SHREWSBURY LANSDOWNE I-44","JJK CENTER METROLINK STATION",333399,2,9,16:26:00,16:26:00,1
"RED LINE TO SHILOH SCOTT","JJK CENTER METROLINK STATION",CC0033,2,32,16:29:00,16:29:00,1
"RED LINE TO LAMBERT AIRPORT TERMINAL #1","JJK CENTER METROLINK STATION",CC0033,2,9,16:32:00,16:32:00,1
"BLUE LINE TO FAIRVIEW HEIGHTS","JJK CENTER METROLINK STATION",333399,2,32,16:35:00,16:35:00,1
"BLUE LINE TO SHREWSBURY LANSDOWNE I-44","JJK CENTER METROLINK STATION",333399,2,9,16:38:00,16:38:00,1
"RED LINE TO SHILOH SCOTT","JJK CENTER METROLINK STATION",CC0033,2,32,16:41:00,16:41:00,1
"RED LINE TO LAMBERT AIRPORT TERMINAL #1","JJK CENTER METROLINK STATION",CC0033,2,9,16:44:00,16:44:00,1
"BLUE LINE TO FAIRVIEW HEIGHTS","JJK CENTER METROLINK STATION",333399,2,32,16:47:00,16:47:00,1
"BLUE LINE TO SHREWSBURY LANSDOWNE I-44","JJK CENTER METROLINK STATION",333399,2,9,16:50:00,16:50:00,1
"RED LINE TO SHILOH SCOTT","JJK CENTER METROLINK STATION",CC0033,2,32,16:53:00,16:53:00,1
"RED LINE TO LAMBERT AIRPORT TERMINAL #1","JJK CENTER METROLINK STATION",CC0033,2,9,16:56:00,16:56:00,1
"BLUE LINE TO FAIRVIEW HEIGHTS","JJK CENTER METROLINK STATION",333399,2,32,16:59:00,16:59:00,1
"BLUE LINE TO SHREWSBURY LANSDOWNE I-44","JJK CENTER METROLINK STATION",333399,2,9,17:02:00,17:02:00,1
"RED LINE TO SHILOH SCOTT","JJK CENTER METROLINK STATION",CC0033,2,32,17:05:00,17:05:00,1
"RED LINE TO LAMBERT AIRPORT TERMINAL #1","JJK CENTER METROLINK STATION",CC0033,2,9,17:08:00,17:08:00,1
"BLUE LINE TO FAIRVIEW HEIGHTS","JJK CENTER METROLINK STATION",333399,2,32,17:11:00,17:11:00,1
"BLUE LINE TO SHREWSBURY LANSDOWNE I-44","JJK CENTER METROLINK STATION",333399,2,9,17:14:00,17:14:00,1
"RED LINE TO SHILOH SCOTT","JJK CENTER METROLINK STATION",CC0033,2,32,17:17:00,17:17:00,1
"RED LINE TO LAMBERT AIRPORT TERMINAL #1","JJK CENTER METROLINK STATION",CC0033,2,9,17:20:00,17:20:00,1
"BLUE LINE TO FAIRVIEW HEIGHTS","JJK CENTER METROLINK STATION",333399,2,32,17:23:00,17:23:00,1
"BLUE LINE TO SHREWSBURY LANSDOWNE I-44","JJK CENTER METROLINK STATION",333399,2,9,17:26:00,17:26:00,1
"RED LINE TO SHILOH SCOTT","JJK CENTER METROLINK STATION",CC0033,2,32,17:29:00,17:29:00,1
"RED LINE TO LAMBERT AIRPORT TERMINAL #1","JJK CENTER METROLINK STATION",CC0033,2,9,17:32:00,17:32:00,1
"BLUE LINE TO FAIRVIEW HEIGHTS","JJK CENTER METROLINK STATION",333399,2,32,17:35:00,17:35:00,1
"BLUE LINE TO SHREWSBURY LANSDOWNE I-44","JJK CENTER METROLINK STATION",333399,2,9,17:38:00,17:38:00,1
"RED LINE TO SHILOH SCOTT","JJK CENTER METROLINK STATION",CC0033,2,32,17:41:00,17:41:00,1
"RED LINE TO LAMBERT AIRPORT TERMINAL #1","JJK CENTER METROLINK STATION",CC0033,2,9,17:44:00,17:44:00,1
"BLUE LINE TO FAIRVIEW HEIGHTS","JJK CENTER METROLINK STATION",333399,2,32,17:47:00,17:47:00,1
"BLUE LINE TO SHREWSBURY LANSDOWNE I-44","JJK CENTER METROLINK STATION",333399,2,9,17:50:00,17:50:00,1
"RED LINE TO SHILOH SCOTT","JJK CENTER METROLINK STATION",CC0033,2,32,17:53:00,17:53:00,1
"RED LINE TO LAMBERT AIRPORT TERMINAL #1","JJK CENTER METROLINK STATION",CC0033,2,9,17:56:00,17:56:00,1
"BLUE LINE TO FAIRVIEW HEIGHTS","JJK CENTER METROLINK STATION",333399,2,32,17:59:00,17:59:00,1
"BLUE LINE TO SHREWSBURY LANSDOWNE I-44","JJK CENTER METROLINK STATION",333399,2,9,18:02:00,18:02:00,1
"RED LINE TO SHILOH SCOTT","JJK CENTER METROLINK STATION",CC0033,2,32,18:05:00,18:05:00,1
"RED LINE TO LAMBERT AIRPORT TERMINAL #1","JJK CENTER METROLINK STATION",CC0033,2,9,18:06:00,18:06:00,1
"BLUE LINE TO FAIRVIEW HEIGHTS","JJK CENTER METROLINK STATION",333399,2,32,18:11:00,18:11:00,1
"BLUE LINE TO SHREWSBURY LANSDOWNE I-44","JJK CENTER METROLINK STATION",333399,2,9,18:15:00,18:15:00,1
"RED LINE TO SHILOH SCOTT","JJK CENTER METROLINK STATION",CC0033,2,32,18:17:00,18:17:00,1
"BLUE LINE TO FAIRVIEW HEIGHTS","JJK CENTER METROLINK STATION",333399,2,32,18:23:00,18:23:00,1
"RED LINE TO LAMBERT AIRPORT TERMINAL #1","JJK CENTER METROLINK STATION",CC0033,2,9,18:25:00,18:25:00,1
"RED LINE TO SHILOH SCOTT","JJK CENTER METROLINK STATION",CC0033,2,32,18:29:00,18:29:00,1
"BLUE LINE TO SHREWSBURY LANSDOWNE I-44","JJK CENTER METROLINK STATION",333399,2,9,18:35:00,18:35:00,1
"RED LINE TO LAMBERT AIRPORT TERMINAL #1","JJK CENTER METROLINK STATION",CC0033,2,9,18:40:00,18:40:00,1
"RED LINE TO SHILOH SCOTT","JJK CENTER METROLINK STATION",CC0033,2,32,18:41:00,18:41:00,1
"BLUE LINE TO FAIRVIEW HEIGHTS","JJK CENTER METROLINK STATION",333399,2,32,18:47:00,18:47:00,1
"BLUE LINE TO SHREWSBURY LANSDOWNE I-44","JJK CENTER METROLINK STATION",333399,2,9,18:50:00,18:50:00,1
"RED LINE TO SHILOH SCOTT","JJK CENTER METROLINK STATION",CC0033,2,32,18:54:00,18:54:00,1
"RED LINE TO LAMBERT AIRPORT TERMINAL #1","JJK CENTER METROLINK STATION",CC0033,2,9,19:00:00,19:00:00,1
"BLUE LINE TO FAIRVIEW HEIGHTS","JJK CENTER METROLINK STATION",333399,2,32,19:04:00,19:04:00,1
"BLUE LINE TO SHREWSBURY LANSDOWNE I-44","JJK CENTER METROLINK STATION",333399,2,9,19:10:00,19:10:00,1
"RED LINE TO SHILOH SCOTT","JJK CENTER METROLINK STATION",CC0033,2,32,19:12:00,19:12:00,1
"RED LINE TO LAMBERT AIRPORT TERMINAL #1","JJK CENTER METROLINK STATION",CC0033,2,9,19:20:00,19:20:00,1
"BLUE LINE TO FAIRVIEW HEIGHTS","JJK CENTER METROLINK STATION",333399,2,32,19:24:00,19:24:00,1
"BLUE LINE TO SHREWSBURY LANSDOWNE I-44","JJK CENTER METROLINK STATION",333399,2,9,19:30:00,19:30:00,1
"RED LINE TO SHILOH SCOTT","JJK CENTER METROLINK STATION",CC0033,2,32,19:33:00,19:33:00,1
"BLUE LINE TO FAIRVIEW HEIGHTS","JJK CENTER METROLINK STATION",333399,2,32,19:38:00,19:38:00,1
"RED LINE TO LAMBERT AIRPORT TERMINAL #1","JJK CENTER METROLINK STATION",CC0033,2,9,19:40:00,19:40:00,1
"RED LINE TO SHILOH SCOTT","JJK CENTER METROLINK STATION",CC0033,2,32,19:43:00,19:43:00,1
"BLUE LINE TO SHREWSBURY LANSDOWNE I-44","JJK CENTER METROLINK STATION",333399,2,9,19:50:00,19:50:00,1
"BLUE LINE TO FAIRVIEW HEIGHTS","JJK CENTER METROLINK STATION",333399,2,32,19:52:00,19:52:00,1
"RED LINE TO LAMBERT AIRPORT TERMINAL #1","JJK CENTER METROLINK STATION",CC0033,2,9,20:00:00,20:00:00,1
"RED LINE TO SHILOH SCOTT","JJK CENTER METROLINK STATION",CC0033,2,32,20:02:00,20:02:00,1
"BLUE LINE TO SHREWSBURY LANSDOWNE I-44","JJK CENTER METROLINK STATION",333399,2,9,20:10:00,20:10:00,1
"BLUE LINE TO FAIRVIEW HEIGHTS","JJK CENTER METROLINK STATION",333399,2,32,20:12:00,20:12:00,1
"RED LINE TO LAMBERT AIRPORT TERMINAL #1","JJK CENTER METROLINK STATION",CC0033,2,9,20:20:00,20:20:00,1
"RED LINE TO SHILOH SCOTT","JJK CENTER METROLINK STATION",CC0033,2,32,20:22:00,20:22:00,1
"BLUE LINE TO SHREWSBURY LANSDOWNE I-44","JJK CENTER METROLINK STATION",333399,2,9,20:30:00,20:30:00,1
"BLUE LINE TO FAIRVIEW HEIGHTS","JJK CENTER METROLINK STATION",333399,2,32,20:32:00,20:32:00,1
"RED LINE TO LAMBERT AIRPORT TERMINAL #1","JJK CENTER METROLINK STATION",CC0033,2,9,20:40:00,20:40:00,1
"RED LINE TO SHILOH SCOTT","JJK CENTER METROLINK STATION",CC0033,2,32,20:42:00,20:42:00,1
"BLUE LINE TO SHREWSBURY LANSDOWNE I-44","JJK CENTER METROLINK STATION",333399,2,9,20:50:00,20:50:00,1
"BLUE LINE TO FAIRVIEW HEIGHTS","JJK CENTER METROLINK STATION",333399,2,32,20:52:00,20:52:00,1
"RED LINE TO LAMBERT AIRPORT TERMINAL #1","JJK CENTER METROLINK STATION",CC0033,2,9,21:00:00,21:00:00,1
"RED LINE TO SHILOH SCOTT","JJK CENTER METROLINK STATION",CC0033,2,32,21:02:00,21:02:00,1
"BLUE LINE TO SHREWSBURY LANSDOWNE I-44","JJK CENTER METROLINK STATION",333399,2,9,21:10:00,21:10:00,1
"BLUE LINE TO FAIRVIEW HEIGHTS","JJK CENTER METROLINK STATION",333399,2,32,21:12:00,21:12:00,1
"RED LINE TO LAMBERT AIRPORT TERMINAL #1","JJK CENTER METROLINK STATION",CC0033,2,9,21:20:00,21:20:00,1
"RED LINE TO SHILOH SCOTT","JJK CENTER METROLINK STATION",CC0033,2,32,21:22:00,21:22:00,1
"BLUE LINE TO SHREWSBURY LANSDOWNE I-44","JJK CENTER METROLINK STATION",333399,2,9,21:30:00,21:30:00,1
"BLUE LINE TO FAIRVIEW HEIGHTS","JJK CENTER METROLINK STATION",333399,2,32,21:32:00,21:32:00,1
"RED LINE TO LAMBERT AIRPORT TERMINAL #1","JJK CENTER METROLINK STATION",CC0033,2,9,21:40:00,21:40:00,1
"RED LINE TO SHILOH SCOTT","JJK CENTER METROLINK STATION",CC0033,2,32,21:42:00,21:42:00,1
"BLUE LINE TO SHREWSBURY LANSDOWNE I-44","JJK CENTER METROLINK STATION",333399,2,9,21:50:00,21:50:00,1
"BLUE LINE TO FAIRVIEW HEIGHTS","JJK CENTER METROLINK STATION",333399,2,32,21:52:00,21:52:00,1
"RED LINE TO LAMBERT AIRPORT TERMINAL #1","JJK CENTER METROLINK STATION",CC0033,2,9,22:00:00,22:00:00,1
"RED LINE TO SHILOH SCOTT","JJK CENTER METROLINK STATION",CC0033,2,32,22:02:00,22:02:00,1
"BLUE LINE TO SHREWSBURY LANSDOWNE I-44","JJK CENTER METROLINK STATION",333399,2,9,22:10:00,22:10:00,1
"BLUE LINE TO FAIRVIEW HEIGHTS","JJK CENTER METROLINK STATION",333399,2,32,22:12:00,22:12:00,1
"RED LINE TO LAMBERT AIRPORT TERMINAL #1","JJK CENTER METROLINK STATION",CC0033,2,9,22:20:00,22:20:00,1
"RED LINE TO SHILOH SCOTT","JJK CENTER METROLINK STATION",CC0033,2,32,22:22:00,22:22:00,1
"BLUE LINE TO SHREWSBURY LANSDOWNE I-44","JJK CENTER METROLINK STATION",333399,2,9,22:30:00,22:30:00,1
"BLUE LINE TO FAIRVIEW HEIGHTS","JJK CENTER METROLINK STATION",333399,2,32,22:32:00,22:32:00,1
"RED LINE TO LAMBERT AIRPORT TERMINAL #1","JJK CENTER METROLINK STATION",CC0033,2,9,22:40:00,22:40:00,1
"RED LINE TO SHILOH SCOTT","JJK CENTER METROLINK STATION",CC0033,2,32,22:42:00,22:42:00,1
"BLUE LINE TO SHREWSBURY LANSDOWNE I-44","JJK CENTER METROLINK STATION",333399,2,9,22:50:00,22:50:00,1
"BLUE LINE TO FAIRVIEW HEIGHTS","JJK CENTER METROLINK STATION",333399,2,32,22:52:00,22:52:00,1
"RED LINE TO LAMBERT AIRPORT TERMINAL #1","JJK CENTER METROLINK STATION",CC0033,2,9,23:00:00,23:00:00,1
"RED LINE TO SHILOH SCOTT","JJK CENTER METROLINK STATION",CC0033,2,32,23:02:00,23:02:00,1
"BLUE LINE TO SHREWSBURY LANSDOWNE I-44","JJK CENTER METROLINK STATION",333399,2,9,23:10:00,23:10:00,1
"BLUE LINE TO FAIRVIEW HEIGHTS","JJK CENTER METROLINK STATION",333399,2,32,23:12:00,23:12:00,1
"RED LINE TO LAMBERT AIRPORT TERMINAL #1","JJK CENTER METROLINK STATION",CC0033,2,9,23:20:00,23:20:00,1
"RED LINE TO SHILOH SCOTT","JJK CENTER METROLINK STATION",CC0033,2,32,23:22:00,23:22:00,1
"BLUE LINE TO FAIRVIEW HEIGHTS","JJK CENTER METROLINK STATION",333399,2,32,23:32:00,23:32:00,1
"RED LINE TO SHILOH SCOTT","JJK CENTER METROLINK STATION",CC0033,2,32,23:42:00,23:42:00,1
"BLUE LINE TO SHREWSBURY LANSDOWNE I-44","JJK CENTER METROLINK STATION",333399,2,9,23:49:00,23:49:00,1
"RED LINE TO LAMBERT AIRPORT TERMINAL #1","JJK CENTER METROLINK STATION",CC0033,2,9,23:59:00,23:59:00,1
"RED LINE TO SHILOH SCOTT","JJK CENTER METROLINK STATION",CC0033,2,32,24:02:00,24:02:00,1
"RED LINE TO FAIRVIEW HEIGHTS","JJK CENTER METROLINK STATION",CC0033,2,32,24:22:00,24:22:00,1
"BLUE LINE TO FAIRVIEW HEIGHTS","JJK CENTER METROLINK STATION",333399,2,32,24:32:00,24:32:00,1
"RED LINE TO FAIRVIEW HEIGHTS","JJK CENTER METROLINK STATION",CC0033,2,32,24:42:00,24:42:00,1
