"TO LAMBERT AIRPORT TERMINAL #1","STADIUM METROLINK STATION",CC0033,2,8,04:22:00,04:22:00,1_merged_2438691
"TO SHREWSBURY LANSDOWNE I-44","STADIUM METROLINK STATION",333399,2,8,04:37:00,04:37:00,1_merged_2438691
"TO SHILOH SCOTT","STADIUM METROLINK STATION",CC0033,2,3,04:40:00,04:40:00,1_merged_2438691
"TO LAMBERT AIRPORT TERMINAL #1","STADIUM METROLINK STATION",CC0033,2,8,04:42:00,04:42:00,1_merged_2438691
"TO SHILOH SCOTT","STADIUM METROLINK STATION",CC0033,2,3,04:48:00,04:48:00,1_merged_2438691
"TO SHREWSBURY LANSDOWNE I-44","STADIUM METROLINK STATION",333399,2,8,04:50:00,04:50:00,1_merged_2438691
"TO SHILOH SCOTT","STADIUM METROLINK STATION",CC0033,2,15,04:54:00,04:54:00,1_merged_2438691
"TO LAMBERT AIRPORT TERMINAL #1","STADIUM METROLINK STATION",CC0033,2,15,04:58:00,04:58:00,1_merged_2438691
"TO FAIRVIEW HEIGHTS","STADIUM METROLINK STATION",333399,2,16,05:04:00,05:04:00,1_merged_2438691
"TO SHREWSBURY LANSDOWNE I-44","STADIUM METROLINK STATION",333399,2,8,05:07:00,05:07:00,1_merged_2438691
"TO SHILOH SCOTT","STADIUM METROLINK STATION",CC0033,2,15,05:14:00,05:14:00,1_merged_2438691
"TO LAMBERT AIRPORT TERMINAL #1","STADIUM METROLINK STATION",CC0033,2,15,05:15:00,05:15:00,1_merged_2438691
"TO FAIRVIEW HEIGHTS","STADIUM METROLINK STATION",333399,2,16,05:24:00,05:24:00,1_merged_2438691
"TO SHREWSBURY LANSDOWNE I-44","STADIUM METROLINK STATION",333399,2,10,05:27:00,05:27:00,1_merged_2438691
"TO SHILOH SCOTT","STADIUM METROLINK STATION",CC0033,2,15,05:34:00,05:34:00,1_merged_2438691
"TO LAMBERT AIRPORT TERMINAL #1","STADIUM METROLINK STATION",CC0033,2,15,05:34:00,05:34:00,1_merged_2438691
"TO FAIRVIEW HEIGHTS","STADIUM METROLINK STATION",333399,2,16,05:44:00,05:44:00,1_merged_2438691
"TO SHREWSBURY LANSDOWNE I-44","STADIUM METROLINK STATION",333399,2,10,05:50:00,05:50:00,1_merged_2438691
"TO SHILOH SCOTT","STADIUM METROLINK STATION",CC0033,2,15,05:54:00,05:54:00,1_merged_2438691
"TO LAMBERT AIRPORT TERMINAL #1","STADIUM METROLINK STATION",CC0033,2,15,05:55:00,05:55:00,1_merged_2438691
"TO FAIRVIEW HEIGHTS","STADIUM METROLINK STATION",333399,2,16,06:04:00,06:04:00,1_merged_2438691
"TO SHREWSBURY LANSDOWNE I-44","STADIUM METROLINK STATION",333399,2,10,06:04:00,06:04:00,1_merged_2438691
"TO LAMBERT AIRPORT TERMINAL #1","STADIUM METROLINK STATION",CC0033,2,15,06:09:00,06:09:00,1_merged_2438691
"TO SHREWSBURY LANSDOWNE I-44","STADIUM METROLINK STATION",333399,2,10,06:15:00,06:15:00,1_merged_2438691
"TO SHILOH SCOTT","STADIUM METROLINK STATION",CC0033,2,15,06:16:00,06:16:00,1_merged_2438691
"TO LAMBERT AIRPORT TERMINAL #1","STADIUM METROLINK STATION",CC0033,2,15,06:21:00,06:21:00,1_merged_2438691
"TO FAIRVIEW HEIGHTS","STADIUM METROLINK STATION",333399,2,16,06:22:00,06:22:00,1_merged_2438691
"TO SHREWSBURY LANSDOWNE I-44","STADIUM METROLINK STATION",333399,2,10,06:27:00,06:27:00,1_merged_2438691
"TO SHILOH SCOTT","STADIUM METROLINK STATION",CC0033,2,15,06:28:00,06:28:00,1_merged_2438691
"TO LAMBERT AIRPORT TERMINAL #1","STADIUM METROLINK STATION",CC0033,2,15,06:33:00,06:33:00,1_merged_2438691
"TO FAIRVIEW HEIGHTS","STADIUM METROLINK STATION",333399,2,16,06:34:00,06:34:00,1_merged_2438691
"TO SHREWSBURY LANSDOWNE I-44","STADIUM METROLINK STATION",333399,2,10,06:39:00,06:39:00,1_merged_2438691
"TO SHILOH SCOTT","STADIUM METROLINK STATION",CC0033,2,15,06:41:00,06:41:00,1_merged_2438691
"TO LAMBERT AIRPORT TERMINAL #1","STADIUM METROLINK STATION",CC0033,2,15,06:45:00,06:45:00,1_merged_2438691
"TO FAIRVIEW HEIGHTS","STADIUM METROLINK STATION",333399,2,16,06:46:00,06:46:00,1_merged_2438691
"TO SHREWSBURY LANSDOWNE I-44","STADIUM METROLINK STATION",333399,2,8,06:51:00,06:51:00,1_merged_2438691
"TO SHILOH SCOTT","STADIUM METROLINK STATION",CC0033,2,15,06:52:00,06:52:00,1_merged_2438691
"TO LAMBERT AIRPORT TERMINAL #1","STADIUM METROLINK STATION",CC0033,2,15,06:57:00,06:57:00,1_merged_2438691
"TO FAIRVIEW HEIGHTS","STADIUM METROLINK STATION",333399,2,16,06:58:00,06:58:00,1_merged_2438691
"TO SHREWSBURY LANSDOWNE I-44","STADIUM METROLINK STATION",333399,2,10,07:03:00,07:03:00,1_merged_2438691
"TO SHILOH SCOTT","STADIUM METROLINK STATION",CC0033,2,15,07:04:00,07:04:00,1_merged_2438691
"TO LAMBERT AIRPORT TERMINAL #1","STADIUM METROLINK STATION",CC0033,2,15,07:09:00,07:09:00,1_merged_2438691
"TO FAIRVIEW HEIGHTS","STADIUM METROLINK STATION",333399,2,16,07:10:00,07:10:00,1_merged_2438691
"TO SHREWSBURY LANSDOWNE I-44","STADIUM METROLINK STATION",333399,2,10,07:15:00,07:15:00,1_merged_2438691
"TO SHILOH SCOTT","STADIUM METROLINK STATION",CC0033,2,15,07:16:00,07:16:00,1_merged_2438691
"TO LAMBERT AIRPORT TERMINAL #1","STADIUM METROLINK STATION",CC0033,2,15,07:21:00,07:21:00,1_merged_2438691
"TO FAIRVIEW HEIGHTS","STADIUM METROLINK STATION",333399,2,16,07:22:00,07:22:00,1_merged_2438691
"TO SHREWSBURY LANSDOWNE I-44","STADIUM METROLINK STATION",333399,2,10,07:27:00,07:27:00,1_merged_2438691
"TO SHILOH SCOTT","STADIUM METROLINK STATION",CC0033,2,15,07:28:00,07:28:00,1_merged_2438691
"TO LAMBERT AIRPORT TERMINAL #1","STADIUM METROLINK STATION",CC0033,2,15,07:33:00,07:33:00,1_merged_2438691
"TO FAIRVIEW HEIGHTS","STADIUM METROLINK STATION",333399,2,16,07:34:00,07:34:00,1_merged_2438691
"TO SHREWSBURY LANSDOWNE I-44","STADIUM METROLINK STATION",333399,2,10,07:39:00,07:39:00,1_merged_2438691
"TO SHILOH SCOTT","STADIUM METROLINK STATION",CC0033,2,15,07:40:00,07:40:00,1_merged_2438691
"TO LAMBERT AIRPORT TERMINAL #1","STADIUM METROLINK STATION",CC0033,2,15,07:45:00,07:45:00,1_merged_2438691
"TO FAIRVIEW HEIGHTS","STADIUM METROLINK STATION",333399,2,16,07:46:00,07:46:00,1_merged_2438691
"TO SHREWSBURY LANSDOWNE I-44","STADIUM METROLINK STATION",333399,2,10,07:51:00,07:51:00,1_merged_2438691
"TO SHILOH SCOTT","STADIUM METROLINK STATION",CC0033,2,15,07:52:00,07:52:00,1_merged_2438691
"TO LAMBERT AIRPORT TERMINAL #1","STADIUM METROLINK STATION",CC0033,2,15,07:57:00,07:57:00,1_merged_2438691
"TO FAIRVIEW HEIGHTS","STADIUM METROLINK STATION",333399,2,16,07:58:00,07:58:00,1_merged_2438691
"TO SHREWSBURY LANSDOWNE I-44","STADIUM METROLINK STATION",333399,2,10,08:03:00,08:03:00,1_merged_2438691
"TO SHILOH SCOTT","STADIUM METROLINK STATION",CC0033,2,15,08:04:00,08:04:00,1_merged_2438691
"TO LAMBERT AIRPORT TERMINAL #1","STADIUM METROLINK STATION",CC0033,2,15,08:09:00,08:09:00,1_merged_2438691
"TO FAIRVIEW HEIGHTS","STADIUM METROLINK STATION",333399,2,16,08:10:00,08:10:00,1_merged_2438691
"TO SHREWSBURY LANSDOWNE I-44","STADIUM METROLINK STATION",333399,2,10,08:15:00,08:15:00,1_merged_2438691
"TO SHILOH SCOTT","STADIUM METROLINK STATION",CC0033,2,15,08:16:00,08:16:00,1_merged_2438691
"TO LAMBERT AIRPORT TERMINAL #1","STADIUM METROLINK STATION",CC0033,2,15,08:20:00,08:20:00,1_merged_2438691
"TO EMERSON PARK","STADIUM METROLINK STATION",333399,2,16,08:22:00,08:22:00,1_merged_2438691
"TO SHREWSBURY LANSDOWNE I-44","STADIUM METROLINK STATION",333399,2,10,08:27:00,08:27:00,1_merged_2438691
"TO SHILOH SCOTT","STADIUM METROLINK STATION",CC0033,2,15,08:28:00,08:28:00,1_merged_2438691
"TO LAMBERT AIRPORT TERMINAL #1","STADIUM METROLINK STATION",CC0033,2,15,08:33:00,08:33:00,1_merged_2438691
"TO FAIRVIEW HEIGHTS","STADIUM METROLINK STATION",333399,2,16,08:34:00,08:34:00,1_merged_2438691
"TO SHREWSBURY LANSDOWNE I-44","STADIUM METROLINK STATION",333399,2,10,08:39:00,08:39:00,1_merged_2438691
"TO SHILOH SCOTT","STADIUM METROLINK STATION",CC0033,2,15,08:40:00,08:40:00,1_merged_2438691
"TO LAMBERT AIRPORT TERMINAL #1","STADIUM METROLINK STATION",CC0033,2,15,08:45:00,08:45:00,1_merged_2438691
"TO FAIRVIEW HEIGHTS","STADIUM METROLINK STATION",333399,2,16,08:46:00,08:46:00,1_merged_2438691
"TO SHREWSBURY LANSDOWNE I-44","STADIUM METROLINK STATION",333399,2,10,08:51:00,08:51:00,1_merged_2438691
"TO SHILOH SCOTT","STADIUM METROLINK STATION",CC0033,2,15,08:52:00,08:52:00,1_merged_2438691
"TO LAMBERT AIRPORT TERMINAL #1","STADIUM METROLINK STATION",CC0033,2,15,08:56:00,08:56:00,1_merged_2438691
"TO EMERSON PARK","STADIUM METROLINK STATION",333399,2,16,08:58:00,08:58:00,1_merged_2438691
"TO SHREWSBURY LANSDOWNE I-44","STADIUM METROLINK STATION",333399,2,10,09:03:00,09:03:00,1_merged_2438691
"TO SHILOH SCOTT","STADIUM METROLINK STATION",CC0033,2,15,09:04:00,09:04:00,1_merged_2438691
"TO FAIRVIEW HEIGHTS","STADIUM METROLINK STATION",333399,2,16,09:10:00,09:10:00,1_merged_2438691
"TO LAMBERT AIRPORT TERMINAL #1","STADIUM METROLINK STATION",CC0033,2,15,09:12:00,09:12:00,1_merged_2438691
"TO SHILOH SCOTT","STADIUM METROLINK STATION",CC0033,2,15,09:21:00,09:21:00,1_merged_2438691
"TO SHREWSBURY LANSDOWNE I-44","STADIUM METROLINK STATION",333399,2,10,09:23:00,09:23:00,1_merged_2438691
"TO FAIRVIEW HEIGHTS","STADIUM METROLINK STATION",333399,2,16,09:31:00,09:31:00,1_merged_2438691
"TO LAMBERT AIRPORT TERMINAL #1","STADIUM METROLINK STATION",CC0033,2,15,09:33:00,09:33:00,1_merged_2438691
"TO SHILOH SCOTT","STADIUM METROLINK STATION",CC0033,2,15,09:41:00,09:41:00,1_merged_2438691
"TO SHREWSBURY LANSDOWNE I-44","STADIUM METROLINK STATION",333399,2,10,09:43:00,09:43:00,1_merged_2438691
"TO FAIRVIEW HEIGHTS","STADIUM METROLINK STATION",333399,2,16,09:46:00,09:46:00,1_merged_2438691
"TO SHILOH SCOTT","STADIUM METROLINK STATION",CC0033,2,15,09:52:00,09:52:00,1_merged_2438691
"TO LAMBERT AIRPORT TERMINAL #1","STADIUM METROLINK STATION",CC0033,2,15,09:53:00,09:53:00,1_merged_2438691
"TO FAIRVIEW HEIGHTS","STADIUM METROLINK STATION",333399,2,16,09:59:00,09:59:00,1_merged_2438691
"TO SHREWSBURY LANSDOWNE I-44","STADIUM METROLINK STATION",333399,2,10,10:03:00,10:03:00,1_merged_2438691
"TO SHILOH SCOTT","STADIUM METROLINK STATION",CC0033,2,15,10:09:00,10:09:00,1_merged_2438691
"TO LAMBERT AIRPORT TERMINAL #1","STADIUM METROLINK STATION",CC0033,2,15,10:13:00,10:13:00,1_merged_2438691
"TO FAIRVIEW HEIGHTS","STADIUM METROLINK STATION",333399,2,16,10:19:00,10:19:00,1_merged_2438691
"TO SHREWSBURY LANSDOWNE I-44","STADIUM METROLINK STATION",333399,2,10,10:23:00,10:23:00,1_merged_2438691
"TO SHILOH SCOTT","STADIUM METROLINK STATION",CC0033,2,15,10:29:00,10:29:00,1_merged_2438691
"TO LAMBERT AIRPORT TERMINAL #1","STADIUM METROLINK STATION",CC0033,2,15,10:33:00,10:33:00,1_merged_2438691
"TO FAIRVIEW HEIGHTS","STADIUM METROLINK STATION",333399,2,16,10:39:00,10:39:00,1_merged_2438691
"TO SHREWSBURY LANSDOWNE I-44","STADIUM METROLINK STATION",333399,2,10,10:43:00,10:43:00,1_merged_2438691
"TO SHILOH SCOTT","STADIUM METROLINK STATION",CC0033,2,15,10:49:00,10:49:00,1_merged_2438691
"TO LAMBERT AIRPORT TERMINAL #1","STADIUM METROLINK STATION",CC0033,2,15,10:53:00,10:53:00,1_merged_2438691
"TO FAIRVIEW HEIGHTS","STADIUM METROLINK STATION",333399,2,16,10:59:00,10:59:00,1_merged_2438691
"TO SHREWSBURY LANSDOWNE I-44","STADIUM METROLINK STATION",333399,2,10,11:03:00,11:03:00,1_merged_2438691
"TO SHILOH SCOTT","STADIUM METROLINK STATION",CC0033,2,15,11:09:00,11:09:00,1_merged_2438691
"TO LAMBERT AIRPORT TERMINAL #1","STADIUM METROLINK STATION",CC0033,2,15,11:13:00,11:13:00,1_merged_2438691
"TO FAIRVIEW HEIGHTS","STADIUM METROLINK STATION",333399,2,16,11:19:00,11:19:00,1_merged_2438691
"TO SHREWSBURY LANSDOWNE I-44","STADIUM METROLINK STATION",333399,2,10,11:23:00,11:23:00,1_merged_2438691
"TO SHILOH SCOTT","STADIUM METROLINK STATION",CC0033,2,15,11:29:00,11:29:00,1_merged_2438691
"TO LAMBERT AIRPORT TERMINAL #1","STADIUM METROLINK STATION",CC0033,2,15,11:33:00,11:33:00,1_merged_2438691
"TO FAIRVIEW HEIGHTS","STADIUM METROLINK STATION",333399,2,16,11:39:00,11:39:00,1_merged_2438691
"TO SHREWSBURY LANSDOWNE I-44","STADIUM METROLINK STATION",333399,2,10,11:43:00,11:43:00,1_merged_2438691
"TO SHILOH SCOTT","STADIUM METROLINK STATION",CC0033,2,15,11:49:00,11:49:00,1_merged_2438691
"TO LAMBERT AIRPORT TERMINAL #1","STADIUM METROLINK STATION",CC0033,2,15,11:53:00,11:53:00,1_merged_2438691
"TO FAIRVIEW HEIGHTS","STADIUM METROLINK STATION",333399,2,16,11:59:00,11:59:00,1_merged_2438691
"TO SHREWSBURY LANSDOWNE I-44","STADIUM METROLINK STATION",333399,2,10,12:03:00,12:03:00,1_merged_2438691
"TO SHILOH SCOTT","STADIUM METROLINK STATION",CC0033,2,15,12:09:00,12:09:00,1_merged_2438691
"TO LAMBERT AIRPORT TERMINAL #1","STADIUM METROLINK STATION",CC0033,2,15,12:13:00,12:13:00,1_merged_2438691
"TO FAIRVIEW HEIGHTS","STADIUM METROLINK STATION",333399,2,16,12:19:00,12:19:00,1_merged_2438691
"TO SHREWSBURY LANSDOWNE I-44","STADIUM METROLINK STATION",333399,2,10,12:23:00,12:23:00,1_merged_2438691
"TO SHILOH SCOTT","STADIUM METROLINK STATION",CC0033,2,15,12:29:00,12:29:00,1_merged_2438691
"TO LAMBERT AIRPORT TERMINAL #1","STADIUM METROLINK STATION",CC0033,2,15,12:33:00,12:33:00,1_merged_2438691
"TO FAIRVIEW HEIGHTS","STADIUM METROLINK STATION",333399,2,16,12:39:00,12:39:00,1_merged_2438691
"TO SHREWSBURY LANSDOWNE I-44","STADIUM METROLINK STATION",333399,2,10,12:43:00,12:43:00,1_merged_2438691
"TO SHILOH SCOTT","STADIUM METROLINK STATION",CC0033,2,15,12:49:00,12:49:00,1_merged_2438691
"TO LAMBERT AIRPORT TERMINAL #1","STADIUM METROLINK STATION",CC0033,2,15,12:53:00,12:53:00,1_merged_2438691
"TO FAIRVIEW HEIGHTS","STADIUM METROLINK STATION",333399,2,16,12:59:00,12:59:00,1_merged_2438691
"TO SHREWSBURY LANSDOWNE I-44","STADIUM METROLINK STATION",333399,2,10,13:03:00,13:03:00,1_merged_2438691
"TO SHILOH SCOTT","STADIUM METROLINK STATION",CC0033,2,15,13:09:00,13:09:00,1_merged_2438691
"TO LAMBERT AIRPORT TERMINAL #1","STADIUM METROLINK STATION",CC0033,2,15,13:13:00,13:13:00,1_merged_2438691
"TO FAIRVIEW HEIGHTS","STADIUM METROLINK STATION",333399,2,16,13:19:00,13:19:00,1_merged_2438691
"TO SHREWSBURY LANSDOWNE I-44","STADIUM METROLINK STATION",333399,2,10,13:23:00,13:23:00,1_merged_2438691
"TO SHILOH SCOTT","STADIUM METROLINK STATION",CC0033,2,15,13:29:00,13:29:00,1_merged_2438691
"TO LAMBERT AIRPORT TERMINAL #1","STADIUM METROLINK STATION",CC0033,2,15,13:33:00,13:33:00,1_merged_2438691
"TO FAIRVIEW HEIGHTS","STADIUM METROLINK STATION",333399,2,16,13:39:00,13:39:00,1_merged_2438691
"TO SHREWSBURY LANSDOWNE I-44","STADIUM METROLINK STATION",333399,2,10,13:43:00,13:43:00,1_merged_2438691
"TO SHILOH SCOTT","STADIUM METROLINK STATION",CC0033,2,15,13:49:00,13:49:00,1_merged_2438691
"TO LAMBERT AIRPORT TERMINAL #1","STADIUM METROLINK STATION",CC0033,2,15,13:53:00,13:53:00,1_merged_2438691
"TO FAIRVIEW HEIGHTS","STADIUM METROLINK STATION",333399,2,16,13:59:00,13:59:00,1_merged_2438691
"TO SHREWSBURY LANSDOWNE I-44","STADIUM METROLINK STATION",333399,2,10,14:03:00,14:03:00,1_merged_2438691
"TO SHILOH SCOTT","STADIUM METROLINK STATION",CC0033,2,15,14:11:00,14:11:00,1_merged_2438691
"TO LAMBERT AIRPORT TERMINAL #1","STADIUM METROLINK STATION",CC0033,2,15,14:13:00,14:13:00,1_merged_2438691
"TO FAIRVIEW HEIGHTS","STADIUM METROLINK STATION",333399,2,16,14:19:00,14:19:00,1_merged_2438691
"TO SHREWSBURY LANSDOWNE I-44","STADIUM METROLINK STATION",333399,2,10,14:23:00,14:23:00,1_merged_2438691
"TO SHILOH SCOTT","STADIUM METROLINK STATION",CC0033,2,15,14:29:00,14:29:00,1_merged_2438691
"TO LAMBERT AIRPORT TERMINAL #1","STADIUM METROLINK STATION",CC0033,2,15,14:31:00,14:31:00,1_merged_2438691
"TO FAIRVIEW HEIGHTS","STADIUM METROLINK STATION",333399,2,16,14:39:00,14:39:00,1_merged_2438691
"TO SHREWSBURY LANSDOWNE I-44","STADIUM METROLINK STATION",333399,2,10,14:41:00,14:41:00,1_merged_2438691
"TO SHILOH SCOTT","STADIUM METROLINK STATION",CC0033,2,15,14:51:00,14:51:00,1_merged_2438691
"TO LAMBERT AIRPORT TERMINAL #1","STADIUM METROLINK STATION",CC0033,2,15,14:56:00,14:56:00,1_merged_2438691
"TO SHREWSBURY LANSDOWNE I-44","STADIUM METROLINK STATION",333399,2,10,15:01:00,15:01:00,1_merged_2438691
"TO FAIRVIEW HEIGHTS","STADIUM METROLINK STATION",333399,2,16,15:01:00,15:01:00,1_merged_2438691
"TO LAMBERT AIRPORT TERMINAL #1","STADIUM METROLINK STATION",CC0033,2,15,15:06:00,15:06:00,1_merged_2438691
"TO SHREWSBURY LANSDOWNE I-44","STADIUM METROLINK STATION",333399,2,8,15:11:00,15:11:00,1_merged_2438691
"TO SHILOH SCOTT","STADIUM METROLINK STATION",CC0033,2,15,15:12:00,15:12:00,1_merged_2438691
"TO SHREWSBURY LANSDOWNE I-44","STADIUM METROLINK STATION",333399,2,10,15:16:00,15:16:00,1_merged_2438691
"TO LAMBERT AIRPORT TERMINAL #1","STADIUM METROLINK STATION",CC0033,2,8,15:21:00,15:21:00,1_merged_2438691
"TO FAIRVIEW HEIGHTS","STADIUM METROLINK STATION",333399,2,16,15:23:00,15:23:00,1_merged_2438691
"TO LAMBERT AIRPORT TERMINAL #1","STADIUM METROLINK STATION",CC0033,2,15,15:32:00,15:32:00,1_merged_2438691
"TO SHILOH SCOTT","STADIUM METROLINK STATION",CC0033,2,15,15:33:00,15:33:00,1_merged_2438691
"TO SHREWSBURY LANSDOWNE I-44","STADIUM METROLINK STATION",333399,2,10,15:39:00,15:39:00,1_merged_2438691
"TO LAMBERT AIRPORT TERMINAL #1","STADIUM METROLINK STATION",CC0033,2,15,15:45:00,15:45:00,1_merged_2438691
"TO FAIRVIEW HEIGHTS","STADIUM METROLINK STATION",333399,2,16,15:46:00,15:46:00,1_merged_2438691
"TO SHREWSBURY LANSDOWNE I-44","STADIUM METROLINK STATION",333399,2,8,15:51:00,15:51:00,1_merged_2438691
"TO SHILOH SCOTT","STADIUM METROLINK STATION",CC0033,2,15,15:52:00,15:52:00,1_merged_2438691
"TO LAMBERT AIRPORT TERMINAL #1","STADIUM METROLINK STATION",CC0033,2,15,15:57:00,15:57:00,1_merged_2438691
"TO FAIRVIEW HEIGHTS","STADIUM METROLINK STATION",333399,2,16,15:58:00,15:58:00,1_merged_2438691
"TO SHREWSBURY LANSDOWNE I-44","STADIUM METROLINK STATION",333399,2,10,16:03:00,16:03:00,1_merged_2438691
"TO SHILOH SCOTT","STADIUM METROLINK STATION",CC0033,2,15,16:04:00,16:04:00,1_merged_2438691
"TO LAMBERT AIRPORT TERMINAL #1","STADIUM METROLINK STATION",CC0033,2,15,16:09:00,16:09:00,1_merged_2438691
"TO FAIRVIEW HEIGHTS","STADIUM METROLINK STATION",333399,2,16,16:10:00,16:10:00,1_merged_2438691
"TO SHREWSBURY LANSDOWNE I-44","STADIUM METROLINK STATION",333399,2,8,16:15:00,16:15:00,1_merged_2438691
"TO SHILOH SCOTT","STADIUM METROLINK STATION",CC0033,2,15,16:16:00,16:16:00,1_merged_2438691
"TO LAMBERT AIRPORT TERMINAL #1","STADIUM METROLINK STATION",CC0033,2,15,16:21:00,16:21:00,1_merged_2438691
"TO FAIRVIEW HEIGHTS","STADIUM METROLINK STATION",333399,2,16,16:22:00,16:22:00,1_merged_2438691
"TO SHREWSBURY LANSDOWNE I-44","STADIUM METROLINK STATION",333399,2,10,16:27:00,16:27:00,1_merged_2438691
"TO SHILOH SCOTT","STADIUM METROLINK STATION",CC0033,2,15,16:28:00,16:28:00,1_merged_2438691
"TO LAMBERT AIRPORT TERMINAL #1","STADIUM METROLINK STATION",CC0033,2,15,16:33:00,16:33:00,1_merged_2438691
"TO FAIRVIEW HEIGHTS","STADIUM METROLINK STATION",333399,2,16,16:34:00,16:34:00,1_merged_2438691
"TO SHREWSBURY LANSDOWNE I-44","STADIUM METROLINK STATION",333399,2,10,16:39:00,16:39:00,1_merged_2438691
"TO SHILOH SCOTT","STADIUM METROLINK STATION",CC0033,2,15,16:40:00,16:40:00,1_merged_2438691
"TO LAMBERT AIRPORT TERMINAL #1","STADIUM METROLINK STATION",CC0033,2,15,16:45:00,16:45:00,1_merged_2438691
"TO FAIRVIEW HEIGHTS","STADIUM METROLINK STATION",333399,2,16,16:46:00,16:46:00,1_merged_2438691
"TO SHREWSBURY LANSDOWNE I-44","STADIUM METROLINK STATION",333399,2,10,16:51:00,16:51:00,1_merged_2438691
"TO SHILOH SCOTT","STADIUM METROLINK STATION",CC0033,2,15,16:52:00,16:52:00,1_merged_2438691
"TO LAMBERT AIRPORT TERMINAL #1","STADIUM METROLINK STATION",CC0033,2,15,16:57:00,16:57:00,1_merged_2438691
"TO FAIRVIEW HEIGHTS","STADIUM METROLINK STATION",333399,2,16,16:58:00,16:58:00,1_merged_2438691
"TO SHREWSBURY LANSDOWNE I-44","STADIUM METROLINK STATION",333399,2,10,17:03:00,17:03:00,1_merged_2438691
"TO SHILOH SCOTT","STADIUM METROLINK STATION",CC0033,2,15,17:04:00,17:04:00,1_merged_2438691
"TO LAMBERT AIRPORT TERMINAL #1","STADIUM METROLINK STATION",CC0033,2,15,17:09:00,17:09:00,1_merged_2438691
"TO FAIRVIEW HEIGHTS","STADIUM METROLINK STATION",333399,2,16,17:10:00,17:10:00,1_merged_2438691
"TO SHREWSBURY LANSDOWNE I-44","STADIUM METROLINK STATION",333399,2,10,17:15:00,17:15:00,1_merged_2438691
"TO SHILOH SCOTT","STADIUM METROLINK STATION",CC0033,2,15,17:16:00,17:16:00,1_merged_2438691
"TO LAMBERT AIRPORT TERMINAL #1","STADIUM METROLINK STATION",CC0033,2,15,17:21:00,17:21:00,1_merged_2438691
"TO FAIRVIEW HEIGHTS","STADIUM METROLINK STATION",333399,2,16,17:22:00,17:22:00,1_merged_2438691
"TO SHREWSBURY LANSDOWNE I-44","STADIUM METROLINK STATION",333399,2,10,17:27:00,17:27:00,1_merged_2438691
"TO SHILOH SCOTT","STADIUM METROLINK STATION",CC0033,2,15,17:28:00,17:28:00,1_merged_2438691
"TO LAMBERT AIRPORT TERMINAL #1","STADIUM METROLINK STATION",CC0033,2,15,17:33:00,17:33:00,1_merged_2438691
"TO FAIRVIEW HEIGHTS","STADIUM METROLINK STATION",333399,2,16,17:34:00,17:34:00,1_merged_2438691
"TO SHREWSBURY LANSDOWNE I-44","STADIUM METROLINK STATION",333399,2,10,17:39:00,17:39:00,1_merged_2438691
"TO SHILOH SCOTT","STADIUM METROLINK STATION",CC0033,2,15,17:40:00,17:40:00,1_merged_2438691
"TO LAMBERT AIRPORT TERMINAL #1","STADIUM METROLINK STATION",CC0033,2,15,17:45:00,17:45:00,1_merged_2438691
"TO FAIRVIEW HEIGHTS","STADIUM METROLINK STATION",333399,2,16,17:46:00,17:46:00,1_merged_2438691
"TO SHREWSBURY LANSDOWNE I-44","STADIUM METROLINK STATION",333399,2,10,17:51:00,17:51:00,1_merged_2438691
"TO SHILOH SCOTT","STADIUM METROLINK STATION",CC0033,2,15,17:52:00,17:52:00,1_merged_2438691
"TO LAMBERT AIRPORT TERMINAL #1","STADIUM METROLINK STATION",CC0033,2,15,17:57:00,17:57:00,1_merged_2438691
"TO FAIRVIEW HEIGHTS","STADIUM METROLINK STATION",333399,2,16,17:58:00,17:58:00,1_merged_2438691
"TO SHREWSBURY LANSDOWNE I-44","STADIUM METROLINK STATION",333399,2,10,18:03:00,18:03:00,1_merged_2438691
"TO SHILOH SCOTT","STADIUM METROLINK STATION",CC0033,2,15,18:04:00,18:04:00,1_merged_2438691
"TO LAMBERT AIRPORT TERMINAL #1","STADIUM METROLINK STATION",CC0033,2,15,18:09:00,18:09:00,1_merged_2438691
"TO FAIRVIEW HEIGHTS","STADIUM METROLINK STATION",333399,2,16,18:10:00,18:10:00,1_merged_2438691
"TO SHREWSBURY LANSDOWNE I-44","STADIUM METROLINK STATION",333399,2,10,18:15:00,18:15:00,1_merged_2438691
"TO SHILOH SCOTT","STADIUM METROLINK STATION",CC0033,2,15,18:16:00,18:16:00,1_merged_2438691
"TO LAMBERT AIRPORT TERMINAL #1","STADIUM METROLINK STATION",CC0033,2,15,18:19:00,18:19:00,1_merged_2438691
"TO EMERSON PARK","STADIUM METROLINK STATION",333399,2,16,18:22:00,18:22:00,1_merged_2438691
"TO SHILOH SCOTT","STADIUM METROLINK STATION",CC0033,2,15,18:28:00,18:28:00,1_merged_2438691
"TO SHREWSBURY LANSDOWNE I-44","STADIUM METROLINK STATION",333399,2,10,18:28:00,18:28:00,1_merged_2438691
"TO FAIRVIEW HEIGHTS","STADIUM METROLINK STATION",333399,2,16,18:34:00,18:34:00,1_merged_2438691
"TO LAMBERT AIRPORT TERMINAL #1","STADIUM METROLINK STATION",CC0033,2,15,18:38:00,18:38:00,1_merged_2438691
"TO SHILOH SCOTT","STADIUM METROLINK STATION",CC0033,2,15,18:41:00,18:41:00,1_merged_2438691
"TO SHREWSBURY LANSDOWNE I-44","STADIUM METROLINK STATION",333399,2,10,18:48:00,18:48:00,1_merged_2438691
"TO FAIRVIEW HEIGHTS","STADIUM METROLINK STATION",333399,2,16,18:51:00,18:51:00,1_merged_2438691
"TO LAMBERT AIRPORT TERMINAL #1","STADIUM METROLINK STATION",CC0033,2,15,18:53:00,18:53:00,1_merged_2438691
"TO SHILOH SCOTT","STADIUM METROLINK STATION",CC0033,2,15,18:59:00,18:59:00,1_merged_2438691
"TO SHREWSBURY LANSDOWNE I-44","STADIUM METROLINK STATION",333399,2,10,19:03:00,19:03:00,1_merged_2438691
"TO FAIRVIEW HEIGHTS","STADIUM METROLINK STATION",333399,2,16,19:11:00,19:11:00,1_merged_2438691
"TO LAMBERT AIRPORT TERMINAL #1","STADIUM METROLINK STATION",CC0033,2,15,19:13:00,19:13:00,1_merged_2438691
"TO SHILOH SCOTT","STADIUM METROLINK STATION",CC0033,2,15,19:20:00,19:20:00,1_merged_2438691
"TO SHREWSBURY LANSDOWNE I-44","STADIUM METROLINK STATION",333399,2,10,19:23:00,19:23:00,1_merged_2438691
"TO FAIRVIEW HEIGHTS","STADIUM METROLINK STATION",333399,2,16,19:25:00,19:25:00,1_merged_2438691
"TO SHILOH SCOTT","STADIUM METROLINK STATION",CC0033,2,15,19:30:00,19:30:00,1_merged_2438691
"TO LAMBERT AIRPORT TERMINAL #1","STADIUM METROLINK STATION",CC0033,2,15,19:33:00,19:33:00,1_merged_2438691
"TO FAIRVIEW HEIGHTS","STADIUM METROLINK STATION",333399,2,16,19:39:00,19:39:00,1_merged_2438691
"TO SHREWSBURY LANSDOWNE I-44","STADIUM METROLINK STATION",333399,2,10,19:43:00,19:43:00,1_merged_2438691
"TO SHILOH SCOTT","STADIUM METROLINK STATION",CC0033,2,15,19:49:00,19:49:00,1_merged_2438691
"TO LAMBERT AIRPORT TERMINAL #1","STADIUM METROLINK STATION",CC0033,2,15,19:53:00,19:53:00,1_merged_2438691
"TO FAIRVIEW HEIGHTS","STADIUM METROLINK STATION",333399,2,16,19:59:00,19:59:00,1_merged_2438691
"TO SHREWSBURY LANSDOWNE I-44","STADIUM METROLINK STATION",333399,2,10,20:03:00,20:03:00,1_merged_2438691
"TO SHILOH SCOTT","STADIUM METROLINK STATION",CC0033,2,15,20:09:00,20:09:00,1_merged_2438691
"TO LAMBERT AIRPORT TERMINAL #1","STADIUM METROLINK STATION",CC0033,2,15,20:13:00,20:13:00,1_merged_2438691
"TO FAIRVIEW HEIGHTS","STADIUM METROLINK STATION",333399,2,16,20:19:00,20:19:00,1_merged_2438691
"TO SHREWSBURY LANSDOWNE I-44","STADIUM METROLINK STATION",333399,2,10,20:23:00,20:23:00,1_merged_2438691
"TO SHILOH SCOTT","STADIUM METROLINK STATION",CC0033,2,15,20:29:00,20:29:00,1_merged_2438691
"TO LAMBERT AIRPORT TERMINAL #1","STADIUM METROLINK STATION",CC0033,2,15,20:33:00,20:33:00,1_merged_2438691
"TO FAIRVIEW HEIGHTS","STADIUM METROLINK STATION",333399,2,16,20:39:00,20:39:00,1_merged_2438691
"TO SHREWSBURY LANSDOWNE I-44","STADIUM METROLINK STATION",333399,2,10,20:43:00,20:43:00,1_merged_2438691
"TO SHILOH SCOTT","STADIUM METROLINK STATION",CC0033,2,15,20:49:00,20:49:00,1_merged_2438691
"TO LAMBERT AIRPORT TERMINAL #1","STADIUM METROLINK STATION",CC0033,2,15,20:53:00,20:53:00,1_merged_2438691
"TO FAIRVIEW HEIGHTS","STADIUM METROLINK STATION",333399,2,16,20:59:00,20:59:00,1_merged_2438691
"TO SHREWSBURY LANSDOWNE I-44","STADIUM METROLINK STATION",333399,2,10,21:03:00,21:03:00,1_merged_2438691
"TO SHILOH SCOTT","STADIUM METROLINK STATION",CC0033,2,15,21:09:00,21:09:00,1_merged_2438691
"TO LAMBERT AIRPORT TERMINAL #1","STADIUM METROLINK STATION",CC0033,2,15,21:13:00,21:13:00,1_merged_2438691
"TO FAIRVIEW HEIGHTS","STADIUM METROLINK STATION",333399,2,16,21:19:00,21:19:00,1_merged_2438691
"TO SHREWSBURY LANSDOWNE I-44","STADIUM METROLINK STATION",333399,2,10,21:23:00,21:23:00,1_merged_2438691
"TO SHILOH SCOTT","STADIUM METROLINK STATION",CC0033,2,15,21:29:00,21:29:00,1_merged_2438691
"TO LAMBERT AIRPORT TERMINAL #1","STADIUM METROLINK STATION",CC0033,2,15,21:33:00,21:33:00,1_merged_2438691
"TO FAIRVIEW HEIGHTS","STADIUM METROLINK STATION",333399,2,16,21:39:00,21:39:00,1_merged_2438691
"TO SHREWSBURY LANSDOWNE I-44","STADIUM METROLINK STATION",333399,2,10,21:43:00,21:43:00,1_merged_2438691
"TO SHILOH SCOTT","STADIUM METROLINK STATION",CC0033,2,15,21:49:00,21:49:00,1_merged_2438691
"TO LAMBERT AIRPORT TERMINAL #1","STADIUM METROLINK STATION",CC0033,2,15,21:53:00,21:53:00,1_merged_2438691
"TO FAIRVIEW HEIGHTS","STADIUM METROLINK STATION",333399,2,16,21:59:00,21:59:00,1_merged_2438691
"TO SHREWSBURY LANSDOWNE I-44","STADIUM METROLINK STATION",333399,2,10,22:03:00,22:03:00,1_merged_2438691
"TO SHILOH SCOTT","STADIUM METROLINK STATION",CC0033,2,15,22:09:00,22:09:00,1_merged_2438691
"TO LAMBERT AIRPORT TERMINAL #1","STADIUM METROLINK STATION",CC0033,2,15,22:13:00,22:13:00,1_merged_2438691
"TO FAIRVIEW HEIGHTS","STADIUM METROLINK STATION",333399,2,16,22:19:00,22:19:00,1_merged_2438691
"TO SHREWSBURY LANSDOWNE I-44","STADIUM METROLINK STATION",333399,2,10,22:23:00,22:23:00,1_merged_2438691
"TO SHILOH SCOTT","STADIUM METROLINK STATION",CC0033,2,15,22:29:00,22:29:00,1_merged_2438691
"TO LAMBERT AIRPORT TERMINAL #1","STADIUM METROLINK STATION",CC0033,2,15,22:33:00,22:33:00,1_merged_2438691
"TO FAIRVIEW HEIGHTS","STADIUM METROLINK STATION",333399,2,16,22:39:00,22:39:00,1_merged_2438691
"TO SHREWSBURY LANSDOWNE I-44","STADIUM METROLINK STATION",333399,2,10,22:43:00,22:43:00,1_merged_2438691
"TO SHILOH SCOTT","STADIUM METROLINK STATION",CC0033,2,15,22:49:00,22:49:00,1_merged_2438691
"TO LAMBERT AIRPORT TERMINAL #1","STADIUM METROLINK STATION",CC0033,2,15,22:53:00,22:53:00,1_merged_2438691
"TO FAIRVIEW HEIGHTS","STADIUM METROLINK STATION",333399,2,16,22:59:00,22:59:00,1_merged_2438691
"TO SHREWSBURY LANSDOWNE I-44","STADIUM METROLINK STATION",333399,2,10,23:03:00,23:03:00,1_merged_2438691
"TO SHILOH SCOTT","STADIUM METROLINK STATION",CC0033,2,15,23:09:00,23:09:00,1_merged_2438691
"TO LAMBERT AIRPORT TERMINAL #1","STADIUM METROLINK STATION",CC0033,2,15,23:13:00,23:13:00,1_merged_2438691
"TO FAIRVIEW HEIGHTS","STADIUM METROLINK STATION",333399,2,16,23:19:00,23:19:00,1_merged_2438691
"TO SHREWSBURY LANSDOWNE I-44","STADIUM METROLINK STATION",333399,2,10,23:23:00,23:23:00,1_merged_2438691
"TO SHILOH SCOTT","STADIUM METROLINK STATION",CC0033,2,15,23:29:00,23:29:00,1_merged_2438691
"TO LAMBERT AIRPORT TERMINAL #1","STADIUM METROLINK STATION",CC0033,2,15,23:33:00,23:33:00,1_merged_2438691
"TO EMERSON PARK","STADIUM METROLINK STATION",333399,2,16,23:39:00,23:39:00,1_merged_2438691
"TO SHILOH SCOTT","STADIUM METROLINK STATION",CC0033,2,15,23:49:00,23:49:00,1_merged_2438691
"TO EMERSON PARK","STADIUM METROLINK STATION",333399,2,16,23:59:00,23:59:00,1_merged_2438691
"TO SHREWSBURY LANSDOWNE I-44","STADIUM METROLINK STATION",333399,2,10,24:02:00,24:02:00,1_merged_2438691
"TO FAIRVIEW HEIGHTS","STADIUM METROLINK STATION",CC0033,2,15,24:09:00,24:09:00,1_merged_2438691
"TO LAMBERT AIRPORT TERMINAL #1","STADIUM METROLINK STATION",CC0033,2,15,24:12:00,24:12:00,1_merged_2438691
"TO FAIRVIEW HEIGHTS","STADIUM METROLINK STATION",333399,2,16,24:19:00,24:19:00,1_merged_2438691
"TO FAIRVIEW HEIGHTS","STADIUM METROLINK STATION",CC0033,2,15,24:29:00,24:29:00,1_merged_2438691
